relative_source_path,archive_sha256,extracted_sha256,comparison
1.RTL\source\canny_edge_detect_top.v,015055d8bc1e394293ec2cfdceca991c997e27f335b6f55997c2ca03ae5f3c54,11524cbcc2e49670173e428aa3d4f6ade3ca2743929913635e66734c9dec285b,different
1.RTL\source\canny_get_grandient.v,3645fe446ddd182ef7f6d90c0f77f6d505838557f1e7552e523b474ec67b702c,8849ff6b3dafb084b276e2217c19f9d6787950b47ff17ab5f3d3622a4bfe3242,different
1.RTL\source\canny_nonLocalMaxValue.v,92f2bb454d0c276091266b1f0dcdc6c1622a0ac2d7c6402cd3cf30fc7241731d,92f2bb454d0c276091266b1f0dcdc6c1622a0ac2d7c6402cd3cf30fc7241731d,same
1.RTL\source\cordic_pipline.v,a31234bd547b7c6bbd057cfff29c36a5759e743099a31c24fde47267e93bae10,a31234bd547b7c6bbd057cfff29c36a5759e743099a31c24fde47267e93bae10,same
1.RTL\source\cordic_sqrt.v,7109cde204bf146a608b27470737fc96141a09e90866b3cf32062fdd725cec84,7109cde204bf146a608b27470737fc96141a09e90866b3cf32062fdd725cec84,same
1.RTL\source\fifo_ram.v,9226dcec32fc899dd7ef0d69030dbc9ee407aa8e275b6861027c6665e99d9a59,9226dcec32fc899dd7ef0d69030dbc9ee407aa8e275b6861027c6665e99d9a59,same
1.RTL\source\matrix_generate_3x3.v,a99408334342522d07dae6baf413d0af9763f1e55013c70d1a6528c849dfc60c,a99408334342522d07dae6baf413d0af9763f1e55013c70d1a6528c849dfc60c,same
1.RTL\source\vip_gaussian_filter.v,262583a96e5f444ed1a975bbef0bd5674aa0f88ae2efa6a9d7f7b8e4c69069db,262583a96e5f444ed1a975bbef0bd5674aa0f88ae2efa6a9d7f7b8e4c69069db,same
1.RTL\source\canny_doubleThreshold.v,72467e6369e335dda75f195b134f2d7938e2d06b6d9a7aa04ca96a8c7a18db43,72467e6369e335dda75f195b134f2d7938e2d06b6d9a7aa04ca96a8c7a18db43,same
1.RTL\source\one_column_ram.v,02dde8725d426abb9e05a3e9541c9f1bf1be3e5b2e5defdf74ee34ada7367903,02dde8725d426abb9e05a3e9541c9f1bf1be3e5b2e5defdf74ee34ada7367903,same
1.RTL\source\VIP_RGB888_YCbCr444.v,f7ebe3acf78e5e6e48e679bd4bfc6c8ec7b5af3865c573f946b3c205040a3cbe,f7ebe3acf78e5e6e48e679bd4bfc6c8ec7b5af3865c573f946b3c205040a3cbe,same
1.RTL\sim\sim_cmos_tb.sv,cad9527f10ed1c20be20a5cfe0fd21ba0e5bcd2cd95fb666a9312372c8804e73,cad9527f10ed1c20be20a5cfe0fd21ba0e5bcd2cd95fb666a9312372c8804e73,same
1.RTL\sim\canny_tb.sv,da9cfcaa6edd86f476798c405d81158ef7c0cc712242a35b978e4f857b2d6f3e,da9cfcaa6edd86f476798c405d81158ef7c0cc712242a35b978e4f857b2d6f3e,same
1.RTL\sim\video_to_pic.sv,fdd30411a6d7c8baa15534b637e8d43e5945fcac43893182abf8a0a45ae9165f,fdd30411a6d7c8baa15534b637e8d43e5945fcac43893182abf8a0a45ae9165f,same
1.RTL\sim\cordic_sqrt_tb.v,141b7b801c661a8d60084dcdd40a97f48f6f189e8b7f7afb786fafd0bd08e7ec,141b7b801c661a8d60084dcdd40a97f48f6f189e8b7f7afb786fafd0bd08e7ec,same
5.Pic\monkey.bmp,c745ec150b793fc0b5ea4e34e58ccb590c46f1ac4a1e9175e5e8eb6f5287be78,c745ec150b793fc0b5ea4e34e58ccb590c46f1ac4a1e9175e5e8eb6f5287be78,same
3.Vivado_Project\CannyEdgeDetection.xpr,aab789101a088b981b94bcc1f0f0073ed9c8b63c4e0044ebc32d808eced89e78,d1e44e1d7ada3cd9d9adc30a1628dc5cf7ea42d4b9fa68222dba39420141fe4f,different
README.md,450c347afc955cb09b8ce859049a7306ef84164de73a9b145bc395f4878c29a1,450c347afc955cb09b8ce859049a7306ef84164de73a9b145bc395f4878c29a1,same
