frame,image,bx,by,nonzero_count,high_32bin,high_exact,abs_high_error,low_32bin,low_exact,abs_low_error
0,black,0,0,0,0,0,0,0,0,0
0,black,1,0,0,0,0,0,0,0,0
0,black,2,0,0,0,0,0,0,0,0
0,black,3,0,0,0,0,0,0,0,0
0,black,4,0,0,0,0,0,0,0,0
0,black,5,0,0,0,0,0,0,0,0
0,black,6,0,0,0,0,0,0,0,0
0,black,7,0,0,0,0,0,0,0,0
0,black,8,0,0,0,0,0,0,0,0
0,black,9,0,0,0,0,0,0,0,0
0,black,10,0,0,0,0,0,0,0,0
0,black,11,0,0,0,0,0,0,0,0
0,black,12,0,0,0,0,0,0,0,0
0,black,13,0,0,0,0,0,0,0,0
0,black,14,0,0,0,0,0,0,0,0
0,black,15,0,0,0,0,0,0,0,0
0,black,16,0,0,0,0,0,0,0,0
0,black,17,0,0,0,0,0,0,0,0
0,black,18,0,0,0,0,0,0,0,0
0,black,19,0,0,0,0,0,0,0,0
0,black,0,1,0,0,0,0,0,0,0
0,black,1,1,0,0,0,0,0,0,0
0,black,2,1,0,0,0,0,0,0,0
0,black,3,1,0,0,0,0,0,0,0
0,black,4,1,0,0,0,0,0,0,0
0,black,5,1,0,0,0,0,0,0,0
0,black,6,1,0,0,0,0,0,0,0
0,black,7,1,0,0,0,0,0,0,0
0,black,8,1,0,0,0,0,0,0,0
0,black,9,1,0,0,0,0,0,0,0
0,black,10,1,0,0,0,0,0,0,0
0,black,11,1,0,0,0,0,0,0,0
0,black,12,1,0,0,0,0,0,0,0
0,black,13,1,0,0,0,0,0,0,0
0,black,14,1,0,0,0,0,0,0,0
0,black,15,1,0,0,0,0,0,0,0
0,black,16,1,0,0,0,0,0,0,0
0,black,17,1,0,0,0,0,0,0,0
0,black,18,1,0,0,0,0,0,0,0
0,black,19,1,0,0,0,0,0,0,0
0,black,0,2,0,0,0,0,0,0,0
0,black,1,2,0,0,0,0,0,0,0
0,black,2,2,0,0,0,0,0,0,0
0,black,3,2,0,0,0,0,0,0,0
0,black,4,2,0,0,0,0,0,0,0
0,black,5,2,0,0,0,0,0,0,0
0,black,6,2,0,0,0,0,0,0,0
0,black,7,2,0,0,0,0,0,0,0
0,black,8,2,0,0,0,0,0,0,0
0,black,9,2,0,0,0,0,0,0,0
0,black,10,2,0,0,0,0,0,0,0
0,black,11,2,0,0,0,0,0,0,0
0,black,12,2,0,0,0,0,0,0,0
0,black,13,2,0,0,0,0,0,0,0
0,black,14,2,0,0,0,0,0,0,0
0,black,15,2,0,0,0,0,0,0,0
0,black,16,2,0,0,0,0,0,0,0
0,black,17,2,0,0,0,0,0,0,0
0,black,18,2,0,0,0,0,0,0,0
0,black,19,2,0,0,0,0,0,0,0
0,black,0,3,0,0,0,0,0,0,0
0,black,1,3,0,0,0,0,0,0,0
0,black,2,3,0,0,0,0,0,0,0
0,black,3,3,0,0,0,0,0,0,0
0,black,4,3,0,0,0,0,0,0,0
0,black,5,3,0,0,0,0,0,0,0
0,black,6,3,0,0,0,0,0,0,0
0,black,7,3,0,0,0,0,0,0,0
0,black,8,3,0,0,0,0,0,0,0
0,black,9,3,0,0,0,0,0,0,0
0,black,10,3,0,0,0,0,0,0,0
0,black,11,3,0,0,0,0,0,0,0
0,black,12,3,0,0,0,0,0,0,0
0,black,13,3,0,0,0,0,0,0,0
0,black,14,3,0,0,0,0,0,0,0
0,black,15,3,0,0,0,0,0,0,0
0,black,16,3,0,0,0,0,0,0,0
0,black,17,3,0,0,0,0,0,0,0
0,black,18,3,0,0,0,0,0,0,0
0,black,19,3,0,0,0,0,0,0,0
0,black,0,4,0,0,0,0,0,0,0
0,black,1,4,0,0,0,0,0,0,0
0,black,2,4,0,0,0,0,0,0,0
0,black,3,4,0,0,0,0,0,0,0
0,black,4,4,0,0,0,0,0,0,0
0,black,5,4,0,0,0,0,0,0,0
0,black,6,4,0,0,0,0,0,0,0
0,black,7,4,0,0,0,0,0,0,0
0,black,8,4,0,0,0,0,0,0,0
0,black,9,4,0,0,0,0,0,0,0
0,black,10,4,0,0,0,0,0,0,0
0,black,11,4,0,0,0,0,0,0,0
0,black,12,4,0,0,0,0,0,0,0
0,black,13,4,0,0,0,0,0,0,0
0,black,14,4,0,0,0,0,0,0,0
0,black,15,4,0,0,0,0,0,0,0
0,black,16,4,0,0,0,0,0,0,0
0,black,17,4,0,0,0,0,0,0,0
0,black,18,4,0,0,0,0,0,0,0
0,black,19,4,0,0,0,0,0,0,0
0,black,0,5,0,0,0,0,0,0,0
0,black,1,5,0,0,0,0,0,0,0
0,black,2,5,0,0,0,0,0,0,0
0,black,3,5,0,0,0,0,0,0,0
0,black,4,5,0,0,0,0,0,0,0
0,black,5,5,0,0,0,0,0,0,0
0,black,6,5,0,0,0,0,0,0,0
0,black,7,5,0,0,0,0,0,0,0
0,black,8,5,0,0,0,0,0,0,0
0,black,9,5,0,0,0,0,0,0,0
0,black,10,5,0,0,0,0,0,0,0
0,black,11,5,0,0,0,0,0,0,0
0,black,12,5,0,0,0,0,0,0,0
0,black,13,5,0,0,0,0,0,0,0
0,black,14,5,0,0,0,0,0,0,0
0,black,15,5,0,0,0,0,0,0,0
0,black,16,5,0,0,0,0,0,0,0
0,black,17,5,0,0,0,0,0,0,0
0,black,18,5,0,0,0,0,0,0,0
0,black,19,5,0,0,0,0,0,0,0
0,black,0,6,0,0,0,0,0,0,0
0,black,1,6,0,0,0,0,0,0,0
0,black,2,6,0,0,0,0,0,0,0
0,black,3,6,0,0,0,0,0,0,0
0,black,4,6,0,0,0,0,0,0,0
0,black,5,6,0,0,0,0,0,0,0
0,black,6,6,0,0,0,0,0,0,0
0,black,7,6,0,0,0,0,0,0,0
0,black,8,6,0,0,0,0,0,0,0
0,black,9,6,0,0,0,0,0,0,0
0,black,10,6,0,0,0,0,0,0,0
0,black,11,6,0,0,0,0,0,0,0
0,black,12,6,0,0,0,0,0,0,0
0,black,13,6,0,0,0,0,0,0,0
0,black,14,6,0,0,0,0,0,0,0
0,black,15,6,0,0,0,0,0,0,0
0,black,16,6,0,0,0,0,0,0,0
0,black,17,6,0,0,0,0,0,0,0
0,black,18,6,0,0,0,0,0,0,0
0,black,19,6,0,0,0,0,0,0,0
0,black,0,7,0,0,0,0,0,0,0
0,black,1,7,0,0,0,0,0,0,0
0,black,2,7,0,0,0,0,0,0,0
0,black,3,7,0,0,0,0,0,0,0
0,black,4,7,0,0,0,0,0,0,0
0,black,5,7,0,0,0,0,0,0,0
0,black,6,7,0,0,0,0,0,0,0
0,black,7,7,0,0,0,0,0,0,0
0,black,8,7,0,0,0,0,0,0,0
0,black,9,7,0,0,0,0,0,0,0
0,black,10,7,0,0,0,0,0,0,0
0,black,11,7,0,0,0,0,0,0,0
0,black,12,7,0,0,0,0,0,0,0
0,black,13,7,0,0,0,0,0,0,0
0,black,14,7,0,0,0,0,0,0,0
0,black,15,7,0,0,0,0,0,0,0
0,black,16,7,0,0,0,0,0,0,0
0,black,17,7,0,0,0,0,0,0,0
0,black,18,7,0,0,0,0,0,0,0
0,black,19,7,0,0,0,0,0,0,0
0,black,0,8,0,0,0,0,0,0,0
0,black,1,8,0,0,0,0,0,0,0
0,black,2,8,0,0,0,0,0,0,0
0,black,3,8,0,0,0,0,0,0,0
0,black,4,8,0,0,0,0,0,0,0
0,black,5,8,0,0,0,0,0,0,0
0,black,6,8,0,0,0,0,0,0,0
0,black,7,8,0,0,0,0,0,0,0
0,black,8,8,0,0,0,0,0,0,0
0,black,9,8,0,0,0,0,0,0,0
0,black,10,8,0,0,0,0,0,0,0
0,black,11,8,0,0,0,0,0,0,0
0,black,12,8,0,0,0,0,0,0,0
0,black,13,8,0,0,0,0,0,0,0
0,black,14,8,0,0,0,0,0,0,0
0,black,15,8,0,0,0,0,0,0,0
0,black,16,8,0,0,0,0,0,0,0
0,black,17,8,0,0,0,0,0,0,0
0,black,18,8,0,0,0,0,0,0,0
0,black,19,8,0,0,0,0,0,0,0
0,black,0,9,0,0,0,0,0,0,0
0,black,1,9,0,0,0,0,0,0,0
0,black,2,9,0,0,0,0,0,0,0
0,black,3,9,0,0,0,0,0,0,0
0,black,4,9,0,0,0,0,0,0,0
0,black,5,9,0,0,0,0,0,0,0
0,black,6,9,0,0,0,0,0,0,0
0,black,7,9,0,0,0,0,0,0,0
0,black,8,9,0,0,0,0,0,0,0
0,black,9,9,0,0,0,0,0,0,0
0,black,10,9,0,0,0,0,0,0,0
0,black,11,9,0,0,0,0,0,0,0
0,black,12,9,0,0,0,0,0,0,0
0,black,13,9,0,0,0,0,0,0,0
0,black,14,9,0,0,0,0,0,0,0
0,black,15,9,0,0,0,0,0,0,0
0,black,16,9,0,0,0,0,0,0,0
0,black,17,9,0,0,0,0,0,0,0
0,black,18,9,0,0,0,0,0,0,0
0,black,19,9,0,0,0,0,0,0,0
0,black,0,10,0,0,0,0,0,0,0
0,black,1,10,0,0,0,0,0,0,0
0,black,2,10,0,0,0,0,0,0,0
0,black,3,10,0,0,0,0,0,0,0
0,black,4,10,0,0,0,0,0,0,0
0,black,5,10,0,0,0,0,0,0,0
0,black,6,10,0,0,0,0,0,0,0
0,black,7,10,0,0,0,0,0,0,0
0,black,8,10,0,0,0,0,0,0,0
0,black,9,10,0,0,0,0,0,0,0
0,black,10,10,0,0,0,0,0,0,0
0,black,11,10,0,0,0,0,0,0,0
0,black,12,10,0,0,0,0,0,0,0
0,black,13,10,0,0,0,0,0,0,0
0,black,14,10,0,0,0,0,0,0,0
0,black,15,10,0,0,0,0,0,0,0
0,black,16,10,0,0,0,0,0,0,0
0,black,17,10,0,0,0,0,0,0,0
0,black,18,10,0,0,0,0,0,0,0
0,black,19,10,0,0,0,0,0,0,0
0,black,0,11,0,0,0,0,0,0,0
0,black,1,11,0,0,0,0,0,0,0
0,black,2,11,0,0,0,0,0,0,0
0,black,3,11,0,0,0,0,0,0,0
0,black,4,11,0,0,0,0,0,0,0
0,black,5,11,0,0,0,0,0,0,0
0,black,6,11,0,0,0,0,0,0,0
0,black,7,11,0,0,0,0,0,0,0
0,black,8,11,0,0,0,0,0,0,0
0,black,9,11,0,0,0,0,0,0,0
0,black,10,11,0,0,0,0,0,0,0
0,black,11,11,0,0,0,0,0,0,0
0,black,12,11,0,0,0,0,0,0,0
0,black,13,11,0,0,0,0,0,0,0
0,black,14,11,0,0,0,0,0,0,0
0,black,15,11,0,0,0,0,0,0,0
0,black,16,11,0,0,0,0,0,0,0
0,black,17,11,0,0,0,0,0,0,0
0,black,18,11,0,0,0,0,0,0,0
0,black,19,11,0,0,0,0,0,0,0
0,black,0,12,0,0,0,0,0,0,0
0,black,1,12,0,0,0,0,0,0,0
0,black,2,12,0,0,0,0,0,0,0
0,black,3,12,0,0,0,0,0,0,0
0,black,4,12,0,0,0,0,0,0,0
0,black,5,12,0,0,0,0,0,0,0
0,black,6,12,0,0,0,0,0,0,0
0,black,7,12,0,0,0,0,0,0,0
0,black,8,12,0,0,0,0,0,0,0
0,black,9,12,0,0,0,0,0,0,0
0,black,10,12,0,0,0,0,0,0,0
0,black,11,12,0,0,0,0,0,0,0
0,black,12,12,0,0,0,0,0,0,0
0,black,13,12,0,0,0,0,0,0,0
0,black,14,12,0,0,0,0,0,0,0
0,black,15,12,0,0,0,0,0,0,0
0,black,16,12,0,0,0,0,0,0,0
0,black,17,12,0,0,0,0,0,0,0
0,black,18,12,0,0,0,0,0,0,0
0,black,19,12,0,0,0,0,0,0,0
0,black,0,13,0,0,0,0,0,0,0
0,black,1,13,0,0,0,0,0,0,0
0,black,2,13,0,0,0,0,0,0,0
0,black,3,13,0,0,0,0,0,0,0
0,black,4,13,0,0,0,0,0,0,0
0,black,5,13,0,0,0,0,0,0,0
0,black,6,13,0,0,0,0,0,0,0
0,black,7,13,0,0,0,0,0,0,0
0,black,8,13,0,0,0,0,0,0,0
0,black,9,13,0,0,0,0,0,0,0
0,black,10,13,0,0,0,0,0,0,0
0,black,11,13,0,0,0,0,0,0,0
0,black,12,13,0,0,0,0,0,0,0
0,black,13,13,0,0,0,0,0,0,0
0,black,14,13,0,0,0,0,0,0,0
0,black,15,13,0,0,0,0,0,0,0
0,black,16,13,0,0,0,0,0,0,0
0,black,17,13,0,0,0,0,0,0,0
0,black,18,13,0,0,0,0,0,0,0
0,black,19,13,0,0,0,0,0,0,0
0,black,0,14,0,0,0,0,0,0,0
0,black,1,14,0,0,0,0,0,0,0
0,black,2,14,0,0,0,0,0,0,0
0,black,3,14,0,0,0,0,0,0,0
0,black,4,14,0,0,0,0,0,0,0
0,black,5,14,0,0,0,0,0,0,0
0,black,6,14,0,0,0,0,0,0,0
0,black,7,14,0,0,0,0,0,0,0
0,black,8,14,0,0,0,0,0,0,0
0,black,9,14,0,0,0,0,0,0,0
0,black,10,14,0,0,0,0,0,0,0
0,black,11,14,0,0,0,0,0,0,0
0,black,12,14,0,0,0,0,0,0,0
0,black,13,14,0,0,0,0,0,0,0
0,black,14,14,0,0,0,0,0,0,0
0,black,15,14,0,0,0,0,0,0,0
0,black,16,14,0,0,0,0,0,0,0
0,black,17,14,0,0,0,0,0,0,0
0,black,18,14,0,0,0,0,0,0,0
0,black,19,14,0,0,0,0,0,0,0
1,white,0,0,57,768,768,0,307,307,0
1,white,1,0,32,768,768,0,307,307,0
1,white,2,0,32,768,768,0,307,307,0
1,white,3,0,32,768,768,0,307,307,0
1,white,4,0,32,768,768,0,307,307,0
1,white,5,0,32,768,768,0,307,307,0
1,white,6,0,32,768,768,0,307,307,0
1,white,7,0,32,768,768,0,307,307,0
1,white,8,0,32,768,768,0,307,307,0
1,white,9,0,32,768,768,0,307,307,0
1,white,10,0,32,768,768,0,307,307,0
1,white,11,0,32,768,768,0,307,307,0
1,white,12,0,32,768,768,0,307,307,0
1,white,13,0,32,768,768,0,307,307,0
1,white,14,0,32,768,768,0,307,307,0
1,white,15,0,32,768,768,0,307,307,0
1,white,16,0,32,768,768,0,307,307,0
1,white,17,0,32,768,768,0,307,307,0
1,white,18,0,32,768,768,0,307,307,0
1,white,19,0,32,768,768,0,307,307,0
1,white,0,1,32,768,768,0,307,307,0
1,white,1,1,0,0,0,0,0,0,0
1,white,2,1,0,0,0,0,0,0,0
1,white,3,1,0,0,0,0,0,0,0
1,white,4,1,0,0,0,0,0,0,0
1,white,5,1,0,0,0,0,0,0,0
1,white,6,1,0,0,0,0,0,0,0
1,white,7,1,0,0,0,0,0,0,0
1,white,8,1,0,0,0,0,0,0,0
1,white,9,1,0,0,0,0,0,0,0
1,white,10,1,0,0,0,0,0,0,0
1,white,11,1,0,0,0,0,0,0,0
1,white,12,1,0,0,0,0,0,0,0
1,white,13,1,0,0,0,0,0,0,0
1,white,14,1,0,0,0,0,0,0,0
1,white,15,1,0,0,0,0,0,0,0
1,white,16,1,0,0,0,0,0,0,0
1,white,17,1,0,0,0,0,0,0,0
1,white,18,1,0,0,0,0,0,0,0
1,white,19,1,0,0,0,0,0,0,0
1,white,0,2,32,768,768,0,307,307,0
1,white,1,2,0,0,0,0,0,0,0
1,white,2,2,0,0,0,0,0,0,0
1,white,3,2,0,0,0,0,0,0,0
1,white,4,2,0,0,0,0,0,0,0
1,white,5,2,0,0,0,0,0,0,0
1,white,6,2,0,0,0,0,0,0,0
1,white,7,2,0,0,0,0,0,0,0
1,white,8,2,0,0,0,0,0,0,0
1,white,9,2,0,0,0,0,0,0,0
1,white,10,2,0,0,0,0,0,0,0
1,white,11,2,0,0,0,0,0,0,0
1,white,12,2,0,0,0,0,0,0,0
1,white,13,2,0,0,0,0,0,0,0
1,white,14,2,0,0,0,0,0,0,0
1,white,15,2,0,0,0,0,0,0,0
1,white,16,2,0,0,0,0,0,0,0
1,white,17,2,0,0,0,0,0,0,0
1,white,18,2,0,0,0,0,0,0,0
1,white,19,2,0,0,0,0,0,0,0
1,white,0,3,32,768,768,0,307,307,0
1,white,1,3,0,0,0,0,0,0,0
1,white,2,3,0,0,0,0,0,0,0
1,white,3,3,0,0,0,0,0,0,0
1,white,4,3,0,0,0,0,0,0,0
1,white,5,3,0,0,0,0,0,0,0
1,white,6,3,0,0,0,0,0,0,0
1,white,7,3,0,0,0,0,0,0,0
1,white,8,3,0,0,0,0,0,0,0
1,white,9,3,0,0,0,0,0,0,0
1,white,10,3,0,0,0,0,0,0,0
1,white,11,3,0,0,0,0,0,0,0
1,white,12,3,0,0,0,0,0,0,0
1,white,13,3,0,0,0,0,0,0,0
1,white,14,3,0,0,0,0,0,0,0
1,white,15,3,0,0,0,0,0,0,0
1,white,16,3,0,0,0,0,0,0,0
1,white,17,3,0,0,0,0,0,0,0
1,white,18,3,0,0,0,0,0,0,0
1,white,19,3,0,0,0,0,0,0,0
1,white,0,4,32,768,768,0,307,307,0
1,white,1,4,0,0,0,0,0,0,0
1,white,2,4,0,0,0,0,0,0,0
1,white,3,4,0,0,0,0,0,0,0
1,white,4,4,0,0,0,0,0,0,0
1,white,5,4,0,0,0,0,0,0,0
1,white,6,4,0,0,0,0,0,0,0
1,white,7,4,0,0,0,0,0,0,0
1,white,8,4,0,0,0,0,0,0,0
1,white,9,4,0,0,0,0,0,0,0
1,white,10,4,0,0,0,0,0,0,0
1,white,11,4,0,0,0,0,0,0,0
1,white,12,4,0,0,0,0,0,0,0
1,white,13,4,0,0,0,0,0,0,0
1,white,14,4,0,0,0,0,0,0,0
1,white,15,4,0,0,0,0,0,0,0
1,white,16,4,0,0,0,0,0,0,0
1,white,17,4,0,0,0,0,0,0,0
1,white,18,4,0,0,0,0,0,0,0
1,white,19,4,0,0,0,0,0,0,0
1,white,0,5,32,768,768,0,307,307,0
1,white,1,5,0,0,0,0,0,0,0
1,white,2,5,0,0,0,0,0,0,0
1,white,3,5,0,0,0,0,0,0,0
1,white,4,5,0,0,0,0,0,0,0
1,white,5,5,0,0,0,0,0,0,0
1,white,6,5,0,0,0,0,0,0,0
1,white,7,5,0,0,0,0,0,0,0
1,white,8,5,0,0,0,0,0,0,0
1,white,9,5,0,0,0,0,0,0,0
1,white,10,5,0,0,0,0,0,0,0
1,white,11,5,0,0,0,0,0,0,0
1,white,12,5,0,0,0,0,0,0,0
1,white,13,5,0,0,0,0,0,0,0
1,white,14,5,0,0,0,0,0,0,0
1,white,15,5,0,0,0,0,0,0,0
1,white,16,5,0,0,0,0,0,0,0
1,white,17,5,0,0,0,0,0,0,0
1,white,18,5,0,0,0,0,0,0,0
1,white,19,5,0,0,0,0,0,0,0
1,white,0,6,32,768,768,0,307,307,0
1,white,1,6,0,0,0,0,0,0,0
1,white,2,6,0,0,0,0,0,0,0
1,white,3,6,0,0,0,0,0,0,0
1,white,4,6,0,0,0,0,0,0,0
1,white,5,6,0,0,0,0,0,0,0
1,white,6,6,0,0,0,0,0,0,0
1,white,7,6,0,0,0,0,0,0,0
1,white,8,6,0,0,0,0,0,0,0
1,white,9,6,0,0,0,0,0,0,0
1,white,10,6,0,0,0,0,0,0,0
1,white,11,6,0,0,0,0,0,0,0
1,white,12,6,0,0,0,0,0,0,0
1,white,13,6,0,0,0,0,0,0,0
1,white,14,6,0,0,0,0,0,0,0
1,white,15,6,0,0,0,0,0,0,0
1,white,16,6,0,0,0,0,0,0,0
1,white,17,6,0,0,0,0,0,0,0
1,white,18,6,0,0,0,0,0,0,0
1,white,19,6,0,0,0,0,0,0,0
1,white,0,7,32,768,768,0,307,307,0
1,white,1,7,0,0,0,0,0,0,0
1,white,2,7,0,0,0,0,0,0,0
1,white,3,7,0,0,0,0,0,0,0
1,white,4,7,0,0,0,0,0,0,0
1,white,5,7,0,0,0,0,0,0,0
1,white,6,7,0,0,0,0,0,0,0
1,white,7,7,0,0,0,0,0,0,0
1,white,8,7,0,0,0,0,0,0,0
1,white,9,7,0,0,0,0,0,0,0
1,white,10,7,0,0,0,0,0,0,0
1,white,11,7,0,0,0,0,0,0,0
1,white,12,7,0,0,0,0,0,0,0
1,white,13,7,0,0,0,0,0,0,0
1,white,14,7,0,0,0,0,0,0,0
1,white,15,7,0,0,0,0,0,0,0
1,white,16,7,0,0,0,0,0,0,0
1,white,17,7,0,0,0,0,0,0,0
1,white,18,7,0,0,0,0,0,0,0
1,white,19,7,0,0,0,0,0,0,0
1,white,0,8,32,768,768,0,307,307,0
1,white,1,8,0,0,0,0,0,0,0
1,white,2,8,0,0,0,0,0,0,0
1,white,3,8,0,0,0,0,0,0,0
1,white,4,8,0,0,0,0,0,0,0
1,white,5,8,0,0,0,0,0,0,0
1,white,6,8,0,0,0,0,0,0,0
1,white,7,8,0,0,0,0,0,0,0
1,white,8,8,0,0,0,0,0,0,0
1,white,9,8,0,0,0,0,0,0,0
1,white,10,8,0,0,0,0,0,0,0
1,white,11,8,0,0,0,0,0,0,0
1,white,12,8,0,0,0,0,0,0,0
1,white,13,8,0,0,0,0,0,0,0
1,white,14,8,0,0,0,0,0,0,0
1,white,15,8,0,0,0,0,0,0,0
1,white,16,8,0,0,0,0,0,0,0
1,white,17,8,0,0,0,0,0,0,0
1,white,18,8,0,0,0,0,0,0,0
1,white,19,8,0,0,0,0,0,0,0
1,white,0,9,32,768,768,0,307,307,0
1,white,1,9,0,0,0,0,0,0,0
1,white,2,9,0,0,0,0,0,0,0
1,white,3,9,0,0,0,0,0,0,0
1,white,4,9,0,0,0,0,0,0,0
1,white,5,9,0,0,0,0,0,0,0
1,white,6,9,0,0,0,0,0,0,0
1,white,7,9,0,0,0,0,0,0,0
1,white,8,9,0,0,0,0,0,0,0
1,white,9,9,0,0,0,0,0,0,0
1,white,10,9,0,0,0,0,0,0,0
1,white,11,9,0,0,0,0,0,0,0
1,white,12,9,0,0,0,0,0,0,0
1,white,13,9,0,0,0,0,0,0,0
1,white,14,9,0,0,0,0,0,0,0
1,white,15,9,0,0,0,0,0,0,0
1,white,16,9,0,0,0,0,0,0,0
1,white,17,9,0,0,0,0,0,0,0
1,white,18,9,0,0,0,0,0,0,0
1,white,19,9,0,0,0,0,0,0,0
1,white,0,10,32,768,768,0,307,307,0
1,white,1,10,0,0,0,0,0,0,0
1,white,2,10,0,0,0,0,0,0,0
1,white,3,10,0,0,0,0,0,0,0
1,white,4,10,0,0,0,0,0,0,0
1,white,5,10,0,0,0,0,0,0,0
1,white,6,10,0,0,0,0,0,0,0
1,white,7,10,0,0,0,0,0,0,0
1,white,8,10,0,0,0,0,0,0,0
1,white,9,10,0,0,0,0,0,0,0
1,white,10,10,0,0,0,0,0,0,0
1,white,11,10,0,0,0,0,0,0,0
1,white,12,10,0,0,0,0,0,0,0
1,white,13,10,0,0,0,0,0,0,0
1,white,14,10,0,0,0,0,0,0,0
1,white,15,10,0,0,0,0,0,0,0
1,white,16,10,0,0,0,0,0,0,0
1,white,17,10,0,0,0,0,0,0,0
1,white,18,10,0,0,0,0,0,0,0
1,white,19,10,0,0,0,0,0,0,0
1,white,0,11,32,768,768,0,307,307,0
1,white,1,11,0,0,0,0,0,0,0
1,white,2,11,0,0,0,0,0,0,0
1,white,3,11,0,0,0,0,0,0,0
1,white,4,11,0,0,0,0,0,0,0
1,white,5,11,0,0,0,0,0,0,0
1,white,6,11,0,0,0,0,0,0,0
1,white,7,11,0,0,0,0,0,0,0
1,white,8,11,0,0,0,0,0,0,0
1,white,9,11,0,0,0,0,0,0,0
1,white,10,11,0,0,0,0,0,0,0
1,white,11,11,0,0,0,0,0,0,0
1,white,12,11,0,0,0,0,0,0,0
1,white,13,11,0,0,0,0,0,0,0
1,white,14,11,0,0,0,0,0,0,0
1,white,15,11,0,0,0,0,0,0,0
1,white,16,11,0,0,0,0,0,0,0
1,white,17,11,0,0,0,0,0,0,0
1,white,18,11,0,0,0,0,0,0,0
1,white,19,11,0,0,0,0,0,0,0
1,white,0,12,32,768,768,0,307,307,0
1,white,1,12,0,0,0,0,0,0,0
1,white,2,12,0,0,0,0,0,0,0
1,white,3,12,0,0,0,0,0,0,0
1,white,4,12,0,0,0,0,0,0,0
1,white,5,12,0,0,0,0,0,0,0
1,white,6,12,0,0,0,0,0,0,0
1,white,7,12,0,0,0,0,0,0,0
1,white,8,12,0,0,0,0,0,0,0
1,white,9,12,0,0,0,0,0,0,0
1,white,10,12,0,0,0,0,0,0,0
1,white,11,12,0,0,0,0,0,0,0
1,white,12,12,0,0,0,0,0,0,0
1,white,13,12,0,0,0,0,0,0,0
1,white,14,12,0,0,0,0,0,0,0
1,white,15,12,0,0,0,0,0,0,0
1,white,16,12,0,0,0,0,0,0,0
1,white,17,12,0,0,0,0,0,0,0
1,white,18,12,0,0,0,0,0,0,0
1,white,19,12,0,0,0,0,0,0,0
1,white,0,13,32,768,768,0,307,307,0
1,white,1,13,0,0,0,0,0,0,0
1,white,2,13,0,0,0,0,0,0,0
1,white,3,13,0,0,0,0,0,0,0
1,white,4,13,0,0,0,0,0,0,0
1,white,5,13,0,0,0,0,0,0,0
1,white,6,13,0,0,0,0,0,0,0
1,white,7,13,0,0,0,0,0,0,0
1,white,8,13,0,0,0,0,0,0,0
1,white,9,13,0,0,0,0,0,0,0
1,white,10,13,0,0,0,0,0,0,0
1,white,11,13,0,0,0,0,0,0,0
1,white,12,13,0,0,0,0,0,0,0
1,white,13,13,0,0,0,0,0,0,0
1,white,14,13,0,0,0,0,0,0,0
1,white,15,13,0,0,0,0,0,0,0
1,white,16,13,0,0,0,0,0,0,0
1,white,17,13,0,0,0,0,0,0,0
1,white,18,13,0,0,0,0,0,0,0
1,white,19,13,0,0,0,0,0,0,0
1,white,0,14,32,768,768,0,307,307,0
1,white,1,14,0,0,0,0,0,0,0
1,white,2,14,0,0,0,0,0,0,0
1,white,3,14,0,0,0,0,0,0,0
1,white,4,14,0,0,0,0,0,0,0
1,white,5,14,0,0,0,0,0,0,0
1,white,6,14,0,0,0,0,0,0,0
1,white,7,14,0,0,0,0,0,0,0
1,white,8,14,0,0,0,0,0,0,0
1,white,9,14,0,0,0,0,0,0,0
1,white,10,14,0,0,0,0,0,0,0
1,white,11,14,0,0,0,0,0,0,0
1,white,12,14,0,0,0,0,0,0,0
1,white,13,14,0,0,0,0,0,0,0
1,white,14,14,0,0,0,0,0,0,0
1,white,15,14,0,0,0,0,0,0,0
1,white,16,14,0,0,0,0,0,0,0
1,white,17,14,0,0,0,0,0,0,0
1,white,18,14,0,0,0,0,0,0,0
1,white,19,14,0,0,0,0,0,0,0
2,impulse,0,0,0,0,0,0,0,0,0
2,impulse,1,0,0,0,0,0,0,0,0
2,impulse,2,0,0,0,0,0,0,0,0
2,impulse,3,0,0,0,0,0,0,0,0
2,impulse,4,0,0,0,0,0,0,0,0
2,impulse,5,0,0,0,0,0,0,0,0
2,impulse,6,0,0,0,0,0,0,0,0
2,impulse,7,0,0,0,0,0,0,0,0
2,impulse,8,0,0,0,0,0,0,0,0
2,impulse,9,0,0,0,0,0,0,0,0
2,impulse,10,0,0,0,0,0,0,0,0
2,impulse,11,0,0,0,0,0,0,0,0
2,impulse,12,0,0,0,0,0,0,0,0
2,impulse,13,0,0,0,0,0,0,0,0
2,impulse,14,0,0,0,0,0,0,0,0
2,impulse,15,0,0,0,0,0,0,0,0
2,impulse,16,0,0,0,0,0,0,0,0
2,impulse,17,0,0,0,0,0,0,0,0
2,impulse,18,0,0,0,0,0,0,0,0
2,impulse,19,0,0,0,0,0,0,0,0
2,impulse,0,1,0,0,0,0,0,0,0
2,impulse,1,1,0,0,0,0,0,0,0
2,impulse,2,1,0,0,0,0,0,0,0
2,impulse,3,1,0,0,0,0,0,0,0
2,impulse,4,1,0,0,0,0,0,0,0
2,impulse,5,1,0,0,0,0,0,0,0
2,impulse,6,1,0,0,0,0,0,0,0
2,impulse,7,1,0,0,0,0,0,0,0
2,impulse,8,1,0,0,0,0,0,0,0
2,impulse,9,1,0,0,0,0,0,0,0
2,impulse,10,1,0,0,0,0,0,0,0
2,impulse,11,1,0,0,0,0,0,0,0
2,impulse,12,1,0,0,0,0,0,0,0
2,impulse,13,1,0,0,0,0,0,0,0
2,impulse,14,1,0,0,0,0,0,0,0
2,impulse,15,1,0,0,0,0,0,0,0
2,impulse,16,1,0,0,0,0,0,0,0
2,impulse,17,1,0,0,0,0,0,0,0
2,impulse,18,1,0,0,0,0,0,0,0
2,impulse,19,1,0,0,0,0,0,0,0
2,impulse,0,2,0,0,0,0,0,0,0
2,impulse,1,2,0,0,0,0,0,0,0
2,impulse,2,2,0,0,0,0,0,0,0
2,impulse,3,2,0,0,0,0,0,0,0
2,impulse,4,2,0,0,0,0,0,0,0
2,impulse,5,2,0,0,0,0,0,0,0
2,impulse,6,2,0,0,0,0,0,0,0
2,impulse,7,2,0,0,0,0,0,0,0
2,impulse,8,2,0,0,0,0,0,0,0
2,impulse,9,2,0,0,0,0,0,0,0
2,impulse,10,2,0,0,0,0,0,0,0
2,impulse,11,2,0,0,0,0,0,0,0
2,impulse,12,2,0,0,0,0,0,0,0
2,impulse,13,2,0,0,0,0,0,0,0
2,impulse,14,2,0,0,0,0,0,0,0
2,impulse,15,2,0,0,0,0,0,0,0
2,impulse,16,2,0,0,0,0,0,0,0
2,impulse,17,2,0,0,0,0,0,0,0
2,impulse,18,2,0,0,0,0,0,0,0
2,impulse,19,2,0,0,0,0,0,0,0
2,impulse,0,3,0,0,0,0,0,0,0
2,impulse,1,3,0,0,0,0,0,0,0
2,impulse,2,3,0,0,0,0,0,0,0
2,impulse,3,3,0,0,0,0,0,0,0
2,impulse,4,3,0,0,0,0,0,0,0
2,impulse,5,3,0,0,0,0,0,0,0
2,impulse,6,3,0,0,0,0,0,0,0
2,impulse,7,3,0,0,0,0,0,0,0
2,impulse,8,3,0,0,0,0,0,0,0
2,impulse,9,3,0,0,0,0,0,0,0
2,impulse,10,3,0,0,0,0,0,0,0
2,impulse,11,3,0,0,0,0,0,0,0
2,impulse,12,3,0,0,0,0,0,0,0
2,impulse,13,3,0,0,0,0,0,0,0
2,impulse,14,3,0,0,0,0,0,0,0
2,impulse,15,3,0,0,0,0,0,0,0
2,impulse,16,3,0,0,0,0,0,0,0
2,impulse,17,3,0,0,0,0,0,0,0
2,impulse,18,3,0,0,0,0,0,0,0
2,impulse,19,3,0,0,0,0,0,0,0
2,impulse,0,4,0,0,0,0,0,0,0
2,impulse,1,4,0,0,0,0,0,0,0
2,impulse,2,4,0,0,0,0,0,0,0
2,impulse,3,4,0,0,0,0,0,0,0
2,impulse,4,4,0,0,0,0,0,0,0
2,impulse,5,4,0,0,0,0,0,0,0
2,impulse,6,4,0,0,0,0,0,0,0
2,impulse,7,4,0,0,0,0,0,0,0
2,impulse,8,4,0,0,0,0,0,0,0
2,impulse,9,4,0,0,0,0,0,0,0
2,impulse,10,4,0,0,0,0,0,0,0
2,impulse,11,4,0,0,0,0,0,0,0
2,impulse,12,4,0,0,0,0,0,0,0
2,impulse,13,4,0,0,0,0,0,0,0
2,impulse,14,4,0,0,0,0,0,0,0
2,impulse,15,4,0,0,0,0,0,0,0
2,impulse,16,4,0,0,0,0,0,0,0
2,impulse,17,4,0,0,0,0,0,0,0
2,impulse,18,4,0,0,0,0,0,0,0
2,impulse,19,4,0,0,0,0,0,0,0
2,impulse,0,5,0,0,0,0,0,0,0
2,impulse,1,5,0,0,0,0,0,0,0
2,impulse,2,5,0,0,0,0,0,0,0
2,impulse,3,5,0,0,0,0,0,0,0
2,impulse,4,5,0,0,0,0,0,0,0
2,impulse,5,5,0,0,0,0,0,0,0
2,impulse,6,5,0,0,0,0,0,0,0
2,impulse,7,5,0,0,0,0,0,0,0
2,impulse,8,5,0,0,0,0,0,0,0
2,impulse,9,5,0,0,0,0,0,0,0
2,impulse,10,5,0,0,0,0,0,0,0
2,impulse,11,5,0,0,0,0,0,0,0
2,impulse,12,5,0,0,0,0,0,0,0
2,impulse,13,5,0,0,0,0,0,0,0
2,impulse,14,5,0,0,0,0,0,0,0
2,impulse,15,5,0,0,0,0,0,0,0
2,impulse,16,5,0,0,0,0,0,0,0
2,impulse,17,5,0,0,0,0,0,0,0
2,impulse,18,5,0,0,0,0,0,0,0
2,impulse,19,5,0,0,0,0,0,0,0
2,impulse,0,6,0,0,0,0,0,0,0
2,impulse,1,6,0,0,0,0,0,0,0
2,impulse,2,6,0,0,0,0,0,0,0
2,impulse,3,6,0,0,0,0,0,0,0
2,impulse,4,6,0,0,0,0,0,0,0
2,impulse,5,6,0,0,0,0,0,0,0
2,impulse,6,6,0,0,0,0,0,0,0
2,impulse,7,6,0,0,0,0,0,0,0
2,impulse,8,6,0,0,0,0,0,0,0
2,impulse,9,6,0,0,0,0,0,0,0
2,impulse,10,6,0,0,0,0,0,0,0
2,impulse,11,6,0,0,0,0,0,0,0
2,impulse,12,6,0,0,0,0,0,0,0
2,impulse,13,6,0,0,0,0,0,0,0
2,impulse,14,6,0,0,0,0,0,0,0
2,impulse,15,6,0,0,0,0,0,0,0
2,impulse,16,6,0,0,0,0,0,0,0
2,impulse,17,6,0,0,0,0,0,0,0
2,impulse,18,6,0,0,0,0,0,0,0
2,impulse,19,6,0,0,0,0,0,0,0
2,impulse,0,7,0,0,0,0,0,0,0
2,impulse,1,7,0,0,0,0,0,0,0
2,impulse,2,7,0,0,0,0,0,0,0
2,impulse,3,7,0,0,0,0,0,0,0
2,impulse,4,7,0,0,0,0,0,0,0
2,impulse,5,7,0,0,0,0,0,0,0
2,impulse,6,7,0,0,0,0,0,0,0
2,impulse,7,7,0,0,0,0,0,0,0
2,impulse,8,7,0,0,0,0,0,0,0
2,impulse,9,7,0,0,0,0,0,0,0
2,impulse,10,7,8,128,188,60,51,75,24
2,impulse,11,7,0,0,0,0,0,0,0
2,impulse,12,7,0,0,0,0,0,0,0
2,impulse,13,7,0,0,0,0,0,0,0
2,impulse,14,7,0,0,0,0,0,0,0
2,impulse,15,7,0,0,0,0,0,0,0
2,impulse,16,7,0,0,0,0,0,0,0
2,impulse,17,7,0,0,0,0,0,0,0
2,impulse,18,7,0,0,0,0,0,0,0
2,impulse,19,7,0,0,0,0,0,0,0
2,impulse,0,8,0,0,0,0,0,0,0
2,impulse,1,8,0,0,0,0,0,0,0
2,impulse,2,8,0,0,0,0,0,0,0
2,impulse,3,8,0,0,0,0,0,0,0
2,impulse,4,8,0,0,0,0,0,0,0
2,impulse,5,8,0,0,0,0,0,0,0
2,impulse,6,8,0,0,0,0,0,0,0
2,impulse,7,8,0,0,0,0,0,0,0
2,impulse,8,8,0,0,0,0,0,0,0
2,impulse,9,8,0,0,0,0,0,0,0
2,impulse,10,8,0,0,0,0,0,0,0
2,impulse,11,8,0,0,0,0,0,0,0
2,impulse,12,8,0,0,0,0,0,0,0
2,impulse,13,8,0,0,0,0,0,0,0
2,impulse,14,8,0,0,0,0,0,0,0
2,impulse,15,8,0,0,0,0,0,0,0
2,impulse,16,8,0,0,0,0,0,0,0
2,impulse,17,8,0,0,0,0,0,0,0
2,impulse,18,8,0,0,0,0,0,0,0
2,impulse,19,8,0,0,0,0,0,0,0
2,impulse,0,9,0,0,0,0,0,0,0
2,impulse,1,9,0,0,0,0,0,0,0
2,impulse,2,9,0,0,0,0,0,0,0
2,impulse,3,9,0,0,0,0,0,0,0
2,impulse,4,9,0,0,0,0,0,0,0
2,impulse,5,9,0,0,0,0,0,0,0
2,impulse,6,9,0,0,0,0,0,0,0
2,impulse,7,9,0,0,0,0,0,0,0
2,impulse,8,9,0,0,0,0,0,0,0
2,impulse,9,9,0,0,0,0,0,0,0
2,impulse,10,9,0,0,0,0,0,0,0
2,impulse,11,9,0,0,0,0,0,0,0
2,impulse,12,9,0,0,0,0,0,0,0
2,impulse,13,9,0,0,0,0,0,0,0
2,impulse,14,9,0,0,0,0,0,0,0
2,impulse,15,9,0,0,0,0,0,0,0
2,impulse,16,9,0,0,0,0,0,0,0
2,impulse,17,9,0,0,0,0,0,0,0
2,impulse,18,9,0,0,0,0,0,0,0
2,impulse,19,9,0,0,0,0,0,0,0
2,impulse,0,10,0,0,0,0,0,0,0
2,impulse,1,10,0,0,0,0,0,0,0
2,impulse,2,10,0,0,0,0,0,0,0
2,impulse,3,10,0,0,0,0,0,0,0
2,impulse,4,10,0,0,0,0,0,0,0
2,impulse,5,10,0,0,0,0,0,0,0
2,impulse,6,10,0,0,0,0,0,0,0
2,impulse,7,10,0,0,0,0,0,0,0
2,impulse,8,10,0,0,0,0,0,0,0
2,impulse,9,10,0,0,0,0,0,0,0
2,impulse,10,10,0,0,0,0,0,0,0
2,impulse,11,10,0,0,0,0,0,0,0
2,impulse,12,10,0,0,0,0,0,0,0
2,impulse,13,10,0,0,0,0,0,0,0
2,impulse,14,10,0,0,0,0,0,0,0
2,impulse,15,10,0,0,0,0,0,0,0
2,impulse,16,10,0,0,0,0,0,0,0
2,impulse,17,10,0,0,0,0,0,0,0
2,impulse,18,10,0,0,0,0,0,0,0
2,impulse,19,10,0,0,0,0,0,0,0
2,impulse,0,11,0,0,0,0,0,0,0
2,impulse,1,11,0,0,0,0,0,0,0
2,impulse,2,11,0,0,0,0,0,0,0
2,impulse,3,11,0,0,0,0,0,0,0
2,impulse,4,11,0,0,0,0,0,0,0
2,impulse,5,11,0,0,0,0,0,0,0
2,impulse,6,11,0,0,0,0,0,0,0
2,impulse,7,11,0,0,0,0,0,0,0
2,impulse,8,11,0,0,0,0,0,0,0
2,impulse,9,11,0,0,0,0,0,0,0
2,impulse,10,11,0,0,0,0,0,0,0
2,impulse,11,11,0,0,0,0,0,0,0
2,impulse,12,11,0,0,0,0,0,0,0
2,impulse,13,11,0,0,0,0,0,0,0
2,impulse,14,11,0,0,0,0,0,0,0
2,impulse,15,11,0,0,0,0,0,0,0
2,impulse,16,11,0,0,0,0,0,0,0
2,impulse,17,11,0,0,0,0,0,0,0
2,impulse,18,11,0,0,0,0,0,0,0
2,impulse,19,11,0,0,0,0,0,0,0
2,impulse,0,12,0,0,0,0,0,0,0
2,impulse,1,12,0,0,0,0,0,0,0
2,impulse,2,12,0,0,0,0,0,0,0
2,impulse,3,12,0,0,0,0,0,0,0
2,impulse,4,12,0,0,0,0,0,0,0
2,impulse,5,12,0,0,0,0,0,0,0
2,impulse,6,12,0,0,0,0,0,0,0
2,impulse,7,12,0,0,0,0,0,0,0
2,impulse,8,12,0,0,0,0,0,0,0
2,impulse,9,12,0,0,0,0,0,0,0
2,impulse,10,12,0,0,0,0,0,0,0
2,impulse,11,12,0,0,0,0,0,0,0
2,impulse,12,12,0,0,0,0,0,0,0
2,impulse,13,12,0,0,0,0,0,0,0
2,impulse,14,12,0,0,0,0,0,0,0
2,impulse,15,12,0,0,0,0,0,0,0
2,impulse,16,12,0,0,0,0,0,0,0
2,impulse,17,12,0,0,0,0,0,0,0
2,impulse,18,12,0,0,0,0,0,0,0
2,impulse,19,12,0,0,0,0,0,0,0
2,impulse,0,13,0,0,0,0,0,0,0
2,impulse,1,13,0,0,0,0,0,0,0
2,impulse,2,13,0,0,0,0,0,0,0
2,impulse,3,13,0,0,0,0,0,0,0
2,impulse,4,13,0,0,0,0,0,0,0
2,impulse,5,13,0,0,0,0,0,0,0
2,impulse,6,13,0,0,0,0,0,0,0
2,impulse,7,13,0,0,0,0,0,0,0
2,impulse,8,13,0,0,0,0,0,0,0
2,impulse,9,13,0,0,0,0,0,0,0
2,impulse,10,13,0,0,0,0,0,0,0
2,impulse,11,13,0,0,0,0,0,0,0
2,impulse,12,13,0,0,0,0,0,0,0
2,impulse,13,13,0,0,0,0,0,0,0
2,impulse,14,13,0,0,0,0,0,0,0
2,impulse,15,13,0,0,0,0,0,0,0
2,impulse,16,13,0,0,0,0,0,0,0
2,impulse,17,13,0,0,0,0,0,0,0
2,impulse,18,13,0,0,0,0,0,0,0
2,impulse,19,13,0,0,0,0,0,0,0
2,impulse,0,14,0,0,0,0,0,0,0
2,impulse,1,14,0,0,0,0,0,0,0
2,impulse,2,14,0,0,0,0,0,0,0
2,impulse,3,14,0,0,0,0,0,0,0
2,impulse,4,14,0,0,0,0,0,0,0
2,impulse,5,14,0,0,0,0,0,0,0
2,impulse,6,14,0,0,0,0,0,0,0
2,impulse,7,14,0,0,0,0,0,0,0
2,impulse,8,14,0,0,0,0,0,0,0
2,impulse,9,14,0,0,0,0,0,0,0
2,impulse,10,14,0,0,0,0,0,0,0
2,impulse,11,14,0,0,0,0,0,0,0
2,impulse,12,14,0,0,0,0,0,0,0
2,impulse,13,14,0,0,0,0,0,0,0
2,impulse,14,14,0,0,0,0,0,0,0
2,impulse,15,14,0,0,0,0,0,0,0
2,impulse,16,14,0,0,0,0,0,0,0
2,impulse,17,14,0,0,0,0,0,0,0
2,impulse,18,14,0,0,0,0,0,0,0
2,impulse,19,14,0,0,0,0,0,0,0
3,horizontal,0,0,0,0,0,0,0,0,0
3,horizontal,1,0,0,0,0,0,0,0,0
3,horizontal,2,0,0,0,0,0,0,0,0
3,horizontal,3,0,0,0,0,0,0,0,0
3,horizontal,4,0,0,0,0,0,0,0,0
3,horizontal,5,0,0,0,0,0,0,0,0
3,horizontal,6,0,0,0,0,0,0,0,0
3,horizontal,7,0,0,0,0,0,0,0,0
3,horizontal,8,0,0,0,0,0,0,0,0
3,horizontal,9,0,0,0,0,0,0,0,0
3,horizontal,10,0,0,0,0,0,0,0,0
3,horizontal,11,0,0,0,0,0,0,0,0
3,horizontal,12,0,0,0,0,0,0,0,0
3,horizontal,13,0,0,0,0,0,0,0,0
3,horizontal,14,0,0,0,0,0,0,0,0
3,horizontal,15,0,0,0,0,0,0,0,0
3,horizontal,16,0,0,0,0,0,0,0,0
3,horizontal,17,0,0,0,0,0,0,0,0
3,horizontal,18,0,0,0,0,0,0,0,0
3,horizontal,19,0,0,0,0,0,0,0,0
3,horizontal,0,1,0,0,0,0,0,0,0
3,horizontal,1,1,0,0,0,0,0,0,0
3,horizontal,2,1,0,0,0,0,0,0,0
3,horizontal,3,1,0,0,0,0,0,0,0
3,horizontal,4,1,0,0,0,0,0,0,0
3,horizontal,5,1,0,0,0,0,0,0,0
3,horizontal,6,1,0,0,0,0,0,0,0
3,horizontal,7,1,0,0,0,0,0,0,0
3,horizontal,8,1,0,0,0,0,0,0,0
3,horizontal,9,1,0,0,0,0,0,0,0
3,horizontal,10,1,0,0,0,0,0,0,0
3,horizontal,11,1,0,0,0,0,0,0,0
3,horizontal,12,1,0,0,0,0,0,0,0
3,horizontal,13,1,0,0,0,0,0,0,0
3,horizontal,14,1,0,0,0,0,0,0,0
3,horizontal,15,1,0,0,0,0,0,0,0
3,horizontal,16,1,0,0,0,0,0,0,0
3,horizontal,17,1,0,0,0,0,0,0,0
3,horizontal,18,1,0,0,0,0,0,0,0
3,horizontal,19,1,0,0,0,0,0,0,0
3,horizontal,0,2,0,0,0,0,0,0,0
3,horizontal,1,2,0,0,0,0,0,0,0
3,horizontal,2,2,0,0,0,0,0,0,0
3,horizontal,3,2,0,0,0,0,0,0,0
3,horizontal,4,2,0,0,0,0,0,0,0
3,horizontal,5,2,0,0,0,0,0,0,0
3,horizontal,6,2,0,0,0,0,0,0,0
3,horizontal,7,2,0,0,0,0,0,0,0
3,horizontal,8,2,0,0,0,0,0,0,0
3,horizontal,9,2,0,0,0,0,0,0,0
3,horizontal,10,2,0,0,0,0,0,0,0
3,horizontal,11,2,0,0,0,0,0,0,0
3,horizontal,12,2,0,0,0,0,0,0,0
3,horizontal,13,2,0,0,0,0,0,0,0
3,horizontal,14,2,0,0,0,0,0,0,0
3,horizontal,15,2,0,0,0,0,0,0,0
3,horizontal,16,2,0,0,0,0,0,0,0
3,horizontal,17,2,0,0,0,0,0,0,0
3,horizontal,18,2,0,0,0,0,0,0,0
3,horizontal,19,2,0,0,0,0,0,0,0
3,horizontal,0,3,0,0,0,0,0,0,0
3,horizontal,1,3,0,0,0,0,0,0,0
3,horizontal,2,3,0,0,0,0,0,0,0
3,horizontal,3,3,0,0,0,0,0,0,0
3,horizontal,4,3,0,0,0,0,0,0,0
3,horizontal,5,3,0,0,0,0,0,0,0
3,horizontal,6,3,0,0,0,0,0,0,0
3,horizontal,7,3,0,0,0,0,0,0,0
3,horizontal,8,3,0,0,0,0,0,0,0
3,horizontal,9,3,0,0,0,0,0,0,0
3,horizontal,10,3,0,0,0,0,0,0,0
3,horizontal,11,3,0,0,0,0,0,0,0
3,horizontal,12,3,0,0,0,0,0,0,0
3,horizontal,13,3,0,0,0,0,0,0,0
3,horizontal,14,3,0,0,0,0,0,0,0
3,horizontal,15,3,0,0,0,0,0,0,0
3,horizontal,16,3,0,0,0,0,0,0,0
3,horizontal,17,3,0,0,0,0,0,0,0
3,horizontal,18,3,0,0,0,0,0,0,0
3,horizontal,19,3,0,0,0,0,0,0,0
3,horizontal,0,4,0,0,0,0,0,0,0
3,horizontal,1,4,0,0,0,0,0,0,0
3,horizontal,2,4,0,0,0,0,0,0,0
3,horizontal,3,4,0,0,0,0,0,0,0
3,horizontal,4,4,0,0,0,0,0,0,0
3,horizontal,5,4,0,0,0,0,0,0,0
3,horizontal,6,4,0,0,0,0,0,0,0
3,horizontal,7,4,0,0,0,0,0,0,0
3,horizontal,8,4,0,0,0,0,0,0,0
3,horizontal,9,4,0,0,0,0,0,0,0
3,horizontal,10,4,0,0,0,0,0,0,0
3,horizontal,11,4,0,0,0,0,0,0,0
3,horizontal,12,4,0,0,0,0,0,0,0
3,horizontal,13,4,0,0,0,0,0,0,0
3,horizontal,14,4,0,0,0,0,0,0,0
3,horizontal,15,4,0,0,0,0,0,0,0
3,horizontal,16,4,0,0,0,0,0,0,0
3,horizontal,17,4,0,0,0,0,0,0,0
3,horizontal,18,4,0,0,0,0,0,0,0
3,horizontal,19,4,0,0,0,0,0,0,0
3,horizontal,0,5,0,0,0,0,0,0,0
3,horizontal,1,5,0,0,0,0,0,0,0
3,horizontal,2,5,0,0,0,0,0,0,0
3,horizontal,3,5,0,0,0,0,0,0,0
3,horizontal,4,5,0,0,0,0,0,0,0
3,horizontal,5,5,0,0,0,0,0,0,0
3,horizontal,6,5,0,0,0,0,0,0,0
3,horizontal,7,5,0,0,0,0,0,0,0
3,horizontal,8,5,0,0,0,0,0,0,0
3,horizontal,9,5,0,0,0,0,0,0,0
3,horizontal,10,5,0,0,0,0,0,0,0
3,horizontal,11,5,0,0,0,0,0,0,0
3,horizontal,12,5,0,0,0,0,0,0,0
3,horizontal,13,5,0,0,0,0,0,0,0
3,horizontal,14,5,0,0,0,0,0,0,0
3,horizontal,15,5,0,0,0,0,0,0,0
3,horizontal,16,5,0,0,0,0,0,0,0
3,horizontal,17,5,0,0,0,0,0,0,0
3,horizontal,18,5,0,0,0,0,0,0,0
3,horizontal,19,5,0,0,0,0,0,0,0
3,horizontal,0,6,0,0,0,0,0,0,0
3,horizontal,1,6,0,0,0,0,0,0,0
3,horizontal,2,6,0,0,0,0,0,0,0
3,horizontal,3,6,0,0,0,0,0,0,0
3,horizontal,4,6,0,0,0,0,0,0,0
3,horizontal,5,6,0,0,0,0,0,0,0
3,horizontal,6,6,0,0,0,0,0,0,0
3,horizontal,7,6,0,0,0,0,0,0,0
3,horizontal,8,6,0,0,0,0,0,0,0
3,horizontal,9,6,0,0,0,0,0,0,0
3,horizontal,10,6,0,0,0,0,0,0,0
3,horizontal,11,6,0,0,0,0,0,0,0
3,horizontal,12,6,0,0,0,0,0,0,0
3,horizontal,13,6,0,0,0,0,0,0,0
3,horizontal,14,6,0,0,0,0,0,0,0
3,horizontal,15,6,0,0,0,0,0,0,0
3,horizontal,16,6,0,0,0,0,0,0,0
3,horizontal,17,6,0,0,0,0,0,0,0
3,horizontal,18,6,0,0,0,0,0,0,0
3,horizontal,19,6,0,0,0,0,0,0,0
3,horizontal,0,7,41,768,768,0,307,307,0
3,horizontal,1,7,32,768,768,0,307,307,0
3,horizontal,2,7,32,768,768,0,307,307,0
3,horizontal,3,7,32,768,768,0,307,307,0
3,horizontal,4,7,32,768,768,0,307,307,0
3,horizontal,5,7,32,768,768,0,307,307,0
3,horizontal,6,7,32,768,768,0,307,307,0
3,horizontal,7,7,32,768,768,0,307,307,0
3,horizontal,8,7,32,768,768,0,307,307,0
3,horizontal,9,7,32,768,768,0,307,307,0
3,horizontal,10,7,32,768,768,0,307,307,0
3,horizontal,11,7,32,768,768,0,307,307,0
3,horizontal,12,7,32,768,768,0,307,307,0
3,horizontal,13,7,32,768,768,0,307,307,0
3,horizontal,14,7,32,768,768,0,307,307,0
3,horizontal,15,7,32,768,768,0,307,307,0
3,horizontal,16,7,32,768,768,0,307,307,0
3,horizontal,17,7,32,768,768,0,307,307,0
3,horizontal,18,7,32,768,768,0,307,307,0
3,horizontal,19,7,32,768,768,0,307,307,0
3,horizontal,0,8,32,768,768,0,307,307,0
3,horizontal,1,8,0,0,0,0,0,0,0
3,horizontal,2,8,0,0,0,0,0,0,0
3,horizontal,3,8,0,0,0,0,0,0,0
3,horizontal,4,8,0,0,0,0,0,0,0
3,horizontal,5,8,0,0,0,0,0,0,0
3,horizontal,6,8,0,0,0,0,0,0,0
3,horizontal,7,8,0,0,0,0,0,0,0
3,horizontal,8,8,0,0,0,0,0,0,0
3,horizontal,9,8,0,0,0,0,0,0,0
3,horizontal,10,8,0,0,0,0,0,0,0
3,horizontal,11,8,0,0,0,0,0,0,0
3,horizontal,12,8,0,0,0,0,0,0,0
3,horizontal,13,8,0,0,0,0,0,0,0
3,horizontal,14,8,0,0,0,0,0,0,0
3,horizontal,15,8,0,0,0,0,0,0,0
3,horizontal,16,8,0,0,0,0,0,0,0
3,horizontal,17,8,0,0,0,0,0,0,0
3,horizontal,18,8,0,0,0,0,0,0,0
3,horizontal,19,8,0,0,0,0,0,0,0
3,horizontal,0,9,32,768,768,0,307,307,0
3,horizontal,1,9,0,0,0,0,0,0,0
3,horizontal,2,9,0,0,0,0,0,0,0
3,horizontal,3,9,0,0,0,0,0,0,0
3,horizontal,4,9,0,0,0,0,0,0,0
3,horizontal,5,9,0,0,0,0,0,0,0
3,horizontal,6,9,0,0,0,0,0,0,0
3,horizontal,7,9,0,0,0,0,0,0,0
3,horizontal,8,9,0,0,0,0,0,0,0
3,horizontal,9,9,0,0,0,0,0,0,0
3,horizontal,10,9,0,0,0,0,0,0,0
3,horizontal,11,9,0,0,0,0,0,0,0
3,horizontal,12,9,0,0,0,0,0,0,0
3,horizontal,13,9,0,0,0,0,0,0,0
3,horizontal,14,9,0,0,0,0,0,0,0
3,horizontal,15,9,0,0,0,0,0,0,0
3,horizontal,16,9,0,0,0,0,0,0,0
3,horizontal,17,9,0,0,0,0,0,0,0
3,horizontal,18,9,0,0,0,0,0,0,0
3,horizontal,19,9,0,0,0,0,0,0,0
3,horizontal,0,10,32,768,768,0,307,307,0
3,horizontal,1,10,0,0,0,0,0,0,0
3,horizontal,2,10,0,0,0,0,0,0,0
3,horizontal,3,10,0,0,0,0,0,0,0
3,horizontal,4,10,0,0,0,0,0,0,0
3,horizontal,5,10,0,0,0,0,0,0,0
3,horizontal,6,10,0,0,0,0,0,0,0
3,horizontal,7,10,0,0,0,0,0,0,0
3,horizontal,8,10,0,0,0,0,0,0,0
3,horizontal,9,10,0,0,0,0,0,0,0
3,horizontal,10,10,0,0,0,0,0,0,0
3,horizontal,11,10,0,0,0,0,0,0,0
3,horizontal,12,10,0,0,0,0,0,0,0
3,horizontal,13,10,0,0,0,0,0,0,0
3,horizontal,14,10,0,0,0,0,0,0,0
3,horizontal,15,10,0,0,0,0,0,0,0
3,horizontal,16,10,0,0,0,0,0,0,0
3,horizontal,17,10,0,0,0,0,0,0,0
3,horizontal,18,10,0,0,0,0,0,0,0
3,horizontal,19,10,0,0,0,0,0,0,0
3,horizontal,0,11,32,768,768,0,307,307,0
3,horizontal,1,11,0,0,0,0,0,0,0
3,horizontal,2,11,0,0,0,0,0,0,0
3,horizontal,3,11,0,0,0,0,0,0,0
3,horizontal,4,11,0,0,0,0,0,0,0
3,horizontal,5,11,0,0,0,0,0,0,0
3,horizontal,6,11,0,0,0,0,0,0,0
3,horizontal,7,11,0,0,0,0,0,0,0
3,horizontal,8,11,0,0,0,0,0,0,0
3,horizontal,9,11,0,0,0,0,0,0,0
3,horizontal,10,11,0,0,0,0,0,0,0
3,horizontal,11,11,0,0,0,0,0,0,0
3,horizontal,12,11,0,0,0,0,0,0,0
3,horizontal,13,11,0,0,0,0,0,0,0
3,horizontal,14,11,0,0,0,0,0,0,0
3,horizontal,15,11,0,0,0,0,0,0,0
3,horizontal,16,11,0,0,0,0,0,0,0
3,horizontal,17,11,0,0,0,0,0,0,0
3,horizontal,18,11,0,0,0,0,0,0,0
3,horizontal,19,11,0,0,0,0,0,0,0
3,horizontal,0,12,32,768,768,0,307,307,0
3,horizontal,1,12,0,0,0,0,0,0,0
3,horizontal,2,12,0,0,0,0,0,0,0
3,horizontal,3,12,0,0,0,0,0,0,0
3,horizontal,4,12,0,0,0,0,0,0,0
3,horizontal,5,12,0,0,0,0,0,0,0
3,horizontal,6,12,0,0,0,0,0,0,0
3,horizontal,7,12,0,0,0,0,0,0,0
3,horizontal,8,12,0,0,0,0,0,0,0
3,horizontal,9,12,0,0,0,0,0,0,0
3,horizontal,10,12,0,0,0,0,0,0,0
3,horizontal,11,12,0,0,0,0,0,0,0
3,horizontal,12,12,0,0,0,0,0,0,0
3,horizontal,13,12,0,0,0,0,0,0,0
3,horizontal,14,12,0,0,0,0,0,0,0
3,horizontal,15,12,0,0,0,0,0,0,0
3,horizontal,16,12,0,0,0,0,0,0,0
3,horizontal,17,12,0,0,0,0,0,0,0
3,horizontal,18,12,0,0,0,0,0,0,0
3,horizontal,19,12,0,0,0,0,0,0,0
3,horizontal,0,13,32,768,768,0,307,307,0
3,horizontal,1,13,0,0,0,0,0,0,0
3,horizontal,2,13,0,0,0,0,0,0,0
3,horizontal,3,13,0,0,0,0,0,0,0
3,horizontal,4,13,0,0,0,0,0,0,0
3,horizontal,5,13,0,0,0,0,0,0,0
3,horizontal,6,13,0,0,0,0,0,0,0
3,horizontal,7,13,0,0,0,0,0,0,0
3,horizontal,8,13,0,0,0,0,0,0,0
3,horizontal,9,13,0,0,0,0,0,0,0
3,horizontal,10,13,0,0,0,0,0,0,0
3,horizontal,11,13,0,0,0,0,0,0,0
3,horizontal,12,13,0,0,0,0,0,0,0
3,horizontal,13,13,0,0,0,0,0,0,0
3,horizontal,14,13,0,0,0,0,0,0,0
3,horizontal,15,13,0,0,0,0,0,0,0
3,horizontal,16,13,0,0,0,0,0,0,0
3,horizontal,17,13,0,0,0,0,0,0,0
3,horizontal,18,13,0,0,0,0,0,0,0
3,horizontal,19,13,0,0,0,0,0,0,0
3,horizontal,0,14,32,768,768,0,307,307,0
3,horizontal,1,14,0,0,0,0,0,0,0
3,horizontal,2,14,0,0,0,0,0,0,0
3,horizontal,3,14,0,0,0,0,0,0,0
3,horizontal,4,14,0,0,0,0,0,0,0
3,horizontal,5,14,0,0,0,0,0,0,0
3,horizontal,6,14,0,0,0,0,0,0,0
3,horizontal,7,14,0,0,0,0,0,0,0
3,horizontal,8,14,0,0,0,0,0,0,0
3,horizontal,9,14,0,0,0,0,0,0,0
3,horizontal,10,14,0,0,0,0,0,0,0
3,horizontal,11,14,0,0,0,0,0,0,0
3,horizontal,12,14,0,0,0,0,0,0,0
3,horizontal,13,14,0,0,0,0,0,0,0
3,horizontal,14,14,0,0,0,0,0,0,0
3,horizontal,15,14,0,0,0,0,0,0,0
3,horizontal,16,14,0,0,0,0,0,0,0
3,horizontal,17,14,0,0,0,0,0,0,0
3,horizontal,18,14,0,0,0,0,0,0,0
3,horizontal,19,14,0,0,0,0,0,0,0
4,vertical,0,0,0,0,0,0,0,0,0
4,vertical,1,0,0,0,0,0,0,0,0
4,vertical,2,0,0,0,0,0,0,0,0
4,vertical,3,0,0,0,0,0,0,0,0
4,vertical,4,0,0,0,0,0,0,0,0
4,vertical,5,0,0,0,0,0,0,0,0
4,vertical,6,0,0,0,0,0,0,0,0
4,vertical,7,0,0,0,0,0,0,0,0
4,vertical,8,0,0,0,0,0,0,0,0
4,vertical,9,0,0,0,0,0,0,0,0
4,vertical,10,0,57,768,768,0,307,307,0
4,vertical,11,0,32,768,768,0,307,307,0
4,vertical,12,0,32,768,768,0,307,307,0
4,vertical,13,0,32,768,768,0,307,307,0
4,vertical,14,0,32,768,768,0,307,307,0
4,vertical,15,0,32,768,768,0,307,307,0
4,vertical,16,0,32,768,768,0,307,307,0
4,vertical,17,0,32,768,768,0,307,307,0
4,vertical,18,0,32,768,768,0,307,307,0
4,vertical,19,0,32,768,768,0,307,307,0
4,vertical,0,1,0,0,0,0,0,0,0
4,vertical,1,1,0,0,0,0,0,0,0
4,vertical,2,1,0,0,0,0,0,0,0
4,vertical,3,1,0,0,0,0,0,0,0
4,vertical,4,1,0,0,0,0,0,0,0
4,vertical,5,1,0,0,0,0,0,0,0
4,vertical,6,1,0,0,0,0,0,0,0
4,vertical,7,1,0,0,0,0,0,0,0
4,vertical,8,1,0,0,0,0,0,0,0
4,vertical,9,1,0,0,0,0,0,0,0
4,vertical,10,1,32,768,768,0,307,307,0
4,vertical,11,1,0,0,0,0,0,0,0
4,vertical,12,1,0,0,0,0,0,0,0
4,vertical,13,1,0,0,0,0,0,0,0
4,vertical,14,1,0,0,0,0,0,0,0
4,vertical,15,1,0,0,0,0,0,0,0
4,vertical,16,1,0,0,0,0,0,0,0
4,vertical,17,1,0,0,0,0,0,0,0
4,vertical,18,1,0,0,0,0,0,0,0
4,vertical,19,1,0,0,0,0,0,0,0
4,vertical,0,2,0,0,0,0,0,0,0
4,vertical,1,2,0,0,0,0,0,0,0
4,vertical,2,2,0,0,0,0,0,0,0
4,vertical,3,2,0,0,0,0,0,0,0
4,vertical,4,2,0,0,0,0,0,0,0
4,vertical,5,2,0,0,0,0,0,0,0
4,vertical,6,2,0,0,0,0,0,0,0
4,vertical,7,2,0,0,0,0,0,0,0
4,vertical,8,2,0,0,0,0,0,0,0
4,vertical,9,2,0,0,0,0,0,0,0
4,vertical,10,2,32,768,768,0,307,307,0
4,vertical,11,2,0,0,0,0,0,0,0
4,vertical,12,2,0,0,0,0,0,0,0
4,vertical,13,2,0,0,0,0,0,0,0
4,vertical,14,2,0,0,0,0,0,0,0
4,vertical,15,2,0,0,0,0,0,0,0
4,vertical,16,2,0,0,0,0,0,0,0
4,vertical,17,2,0,0,0,0,0,0,0
4,vertical,18,2,0,0,0,0,0,0,0
4,vertical,19,2,0,0,0,0,0,0,0
4,vertical,0,3,0,0,0,0,0,0,0
4,vertical,1,3,0,0,0,0,0,0,0
4,vertical,2,3,0,0,0,0,0,0,0
4,vertical,3,3,0,0,0,0,0,0,0
4,vertical,4,3,0,0,0,0,0,0,0
4,vertical,5,3,0,0,0,0,0,0,0
4,vertical,6,3,0,0,0,0,0,0,0
4,vertical,7,3,0,0,0,0,0,0,0
4,vertical,8,3,0,0,0,0,0,0,0
4,vertical,9,3,0,0,0,0,0,0,0
4,vertical,10,3,32,768,768,0,307,307,0
4,vertical,11,3,0,0,0,0,0,0,0
4,vertical,12,3,0,0,0,0,0,0,0
4,vertical,13,3,0,0,0,0,0,0,0
4,vertical,14,3,0,0,0,0,0,0,0
4,vertical,15,3,0,0,0,0,0,0,0
4,vertical,16,3,0,0,0,0,0,0,0
4,vertical,17,3,0,0,0,0,0,0,0
4,vertical,18,3,0,0,0,0,0,0,0
4,vertical,19,3,0,0,0,0,0,0,0
4,vertical,0,4,0,0,0,0,0,0,0
4,vertical,1,4,0,0,0,0,0,0,0
4,vertical,2,4,0,0,0,0,0,0,0
4,vertical,3,4,0,0,0,0,0,0,0
4,vertical,4,4,0,0,0,0,0,0,0
4,vertical,5,4,0,0,0,0,0,0,0
4,vertical,6,4,0,0,0,0,0,0,0
4,vertical,7,4,0,0,0,0,0,0,0
4,vertical,8,4,0,0,0,0,0,0,0
4,vertical,9,4,0,0,0,0,0,0,0
4,vertical,10,4,32,768,768,0,307,307,0
4,vertical,11,4,0,0,0,0,0,0,0
4,vertical,12,4,0,0,0,0,0,0,0
4,vertical,13,4,0,0,0,0,0,0,0
4,vertical,14,4,0,0,0,0,0,0,0
4,vertical,15,4,0,0,0,0,0,0,0
4,vertical,16,4,0,0,0,0,0,0,0
4,vertical,17,4,0,0,0,0,0,0,0
4,vertical,18,4,0,0,0,0,0,0,0
4,vertical,19,4,0,0,0,0,0,0,0
4,vertical,0,5,0,0,0,0,0,0,0
4,vertical,1,5,0,0,0,0,0,0,0
4,vertical,2,5,0,0,0,0,0,0,0
4,vertical,3,5,0,0,0,0,0,0,0
4,vertical,4,5,0,0,0,0,0,0,0
4,vertical,5,5,0,0,0,0,0,0,0
4,vertical,6,5,0,0,0,0,0,0,0
4,vertical,7,5,0,0,0,0,0,0,0
4,vertical,8,5,0,0,0,0,0,0,0
4,vertical,9,5,0,0,0,0,0,0,0
4,vertical,10,5,32,768,768,0,307,307,0
4,vertical,11,5,0,0,0,0,0,0,0
4,vertical,12,5,0,0,0,0,0,0,0
4,vertical,13,5,0,0,0,0,0,0,0
4,vertical,14,5,0,0,0,0,0,0,0
4,vertical,15,5,0,0,0,0,0,0,0
4,vertical,16,5,0,0,0,0,0,0,0
4,vertical,17,5,0,0,0,0,0,0,0
4,vertical,18,5,0,0,0,0,0,0,0
4,vertical,19,5,0,0,0,0,0,0,0
4,vertical,0,6,0,0,0,0,0,0,0
4,vertical,1,6,0,0,0,0,0,0,0
4,vertical,2,6,0,0,0,0,0,0,0
4,vertical,3,6,0,0,0,0,0,0,0
4,vertical,4,6,0,0,0,0,0,0,0
4,vertical,5,6,0,0,0,0,0,0,0
4,vertical,6,6,0,0,0,0,0,0,0
4,vertical,7,6,0,0,0,0,0,0,0
4,vertical,8,6,0,0,0,0,0,0,0
4,vertical,9,6,0,0,0,0,0,0,0
4,vertical,10,6,32,768,768,0,307,307,0
4,vertical,11,6,0,0,0,0,0,0,0
4,vertical,12,6,0,0,0,0,0,0,0
4,vertical,13,6,0,0,0,0,0,0,0
4,vertical,14,6,0,0,0,0,0,0,0
4,vertical,15,6,0,0,0,0,0,0,0
4,vertical,16,6,0,0,0,0,0,0,0
4,vertical,17,6,0,0,0,0,0,0,0
4,vertical,18,6,0,0,0,0,0,0,0
4,vertical,19,6,0,0,0,0,0,0,0
4,vertical,0,7,0,0,0,0,0,0,0
4,vertical,1,7,0,0,0,0,0,0,0
4,vertical,2,7,0,0,0,0,0,0,0
4,vertical,3,7,0,0,0,0,0,0,0
4,vertical,4,7,0,0,0,0,0,0,0
4,vertical,5,7,0,0,0,0,0,0,0
4,vertical,6,7,0,0,0,0,0,0,0
4,vertical,7,7,0,0,0,0,0,0,0
4,vertical,8,7,0,0,0,0,0,0,0
4,vertical,9,7,0,0,0,0,0,0,0
4,vertical,10,7,32,768,768,0,307,307,0
4,vertical,11,7,0,0,0,0,0,0,0
4,vertical,12,7,0,0,0,0,0,0,0
4,vertical,13,7,0,0,0,0,0,0,0
4,vertical,14,7,0,0,0,0,0,0,0
4,vertical,15,7,0,0,0,0,0,0,0
4,vertical,16,7,0,0,0,0,0,0,0
4,vertical,17,7,0,0,0,0,0,0,0
4,vertical,18,7,0,0,0,0,0,0,0
4,vertical,19,7,0,0,0,0,0,0,0
4,vertical,0,8,0,0,0,0,0,0,0
4,vertical,1,8,0,0,0,0,0,0,0
4,vertical,2,8,0,0,0,0,0,0,0
4,vertical,3,8,0,0,0,0,0,0,0
4,vertical,4,8,0,0,0,0,0,0,0
4,vertical,5,8,0,0,0,0,0,0,0
4,vertical,6,8,0,0,0,0,0,0,0
4,vertical,7,8,0,0,0,0,0,0,0
4,vertical,8,8,0,0,0,0,0,0,0
4,vertical,9,8,0,0,0,0,0,0,0
4,vertical,10,8,32,768,768,0,307,307,0
4,vertical,11,8,0,0,0,0,0,0,0
4,vertical,12,8,0,0,0,0,0,0,0
4,vertical,13,8,0,0,0,0,0,0,0
4,vertical,14,8,0,0,0,0,0,0,0
4,vertical,15,8,0,0,0,0,0,0,0
4,vertical,16,8,0,0,0,0,0,0,0
4,vertical,17,8,0,0,0,0,0,0,0
4,vertical,18,8,0,0,0,0,0,0,0
4,vertical,19,8,0,0,0,0,0,0,0
4,vertical,0,9,0,0,0,0,0,0,0
4,vertical,1,9,0,0,0,0,0,0,0
4,vertical,2,9,0,0,0,0,0,0,0
4,vertical,3,9,0,0,0,0,0,0,0
4,vertical,4,9,0,0,0,0,0,0,0
4,vertical,5,9,0,0,0,0,0,0,0
4,vertical,6,9,0,0,0,0,0,0,0
4,vertical,7,9,0,0,0,0,0,0,0
4,vertical,8,9,0,0,0,0,0,0,0
4,vertical,9,9,0,0,0,0,0,0,0
4,vertical,10,9,32,768,768,0,307,307,0
4,vertical,11,9,0,0,0,0,0,0,0
4,vertical,12,9,0,0,0,0,0,0,0
4,vertical,13,9,0,0,0,0,0,0,0
4,vertical,14,9,0,0,0,0,0,0,0
4,vertical,15,9,0,0,0,0,0,0,0
4,vertical,16,9,0,0,0,0,0,0,0
4,vertical,17,9,0,0,0,0,0,0,0
4,vertical,18,9,0,0,0,0,0,0,0
4,vertical,19,9,0,0,0,0,0,0,0
4,vertical,0,10,0,0,0,0,0,0,0
4,vertical,1,10,0,0,0,0,0,0,0
4,vertical,2,10,0,0,0,0,0,0,0
4,vertical,3,10,0,0,0,0,0,0,0
4,vertical,4,10,0,0,0,0,0,0,0
4,vertical,5,10,0,0,0,0,0,0,0
4,vertical,6,10,0,0,0,0,0,0,0
4,vertical,7,10,0,0,0,0,0,0,0
4,vertical,8,10,0,0,0,0,0,0,0
4,vertical,9,10,0,0,0,0,0,0,0
4,vertical,10,10,32,768,768,0,307,307,0
4,vertical,11,10,0,0,0,0,0,0,0
4,vertical,12,10,0,0,0,0,0,0,0
4,vertical,13,10,0,0,0,0,0,0,0
4,vertical,14,10,0,0,0,0,0,0,0
4,vertical,15,10,0,0,0,0,0,0,0
4,vertical,16,10,0,0,0,0,0,0,0
4,vertical,17,10,0,0,0,0,0,0,0
4,vertical,18,10,0,0,0,0,0,0,0
4,vertical,19,10,0,0,0,0,0,0,0
4,vertical,0,11,0,0,0,0,0,0,0
4,vertical,1,11,0,0,0,0,0,0,0
4,vertical,2,11,0,0,0,0,0,0,0
4,vertical,3,11,0,0,0,0,0,0,0
4,vertical,4,11,0,0,0,0,0,0,0
4,vertical,5,11,0,0,0,0,0,0,0
4,vertical,6,11,0,0,0,0,0,0,0
4,vertical,7,11,0,0,0,0,0,0,0
4,vertical,8,11,0,0,0,0,0,0,0
4,vertical,9,11,0,0,0,0,0,0,0
4,vertical,10,11,32,768,768,0,307,307,0
4,vertical,11,11,0,0,0,0,0,0,0
4,vertical,12,11,0,0,0,0,0,0,0
4,vertical,13,11,0,0,0,0,0,0,0
4,vertical,14,11,0,0,0,0,0,0,0
4,vertical,15,11,0,0,0,0,0,0,0
4,vertical,16,11,0,0,0,0,0,0,0
4,vertical,17,11,0,0,0,0,0,0,0
4,vertical,18,11,0,0,0,0,0,0,0
4,vertical,19,11,0,0,0,0,0,0,0
4,vertical,0,12,0,0,0,0,0,0,0
4,vertical,1,12,0,0,0,0,0,0,0
4,vertical,2,12,0,0,0,0,0,0,0
4,vertical,3,12,0,0,0,0,0,0,0
4,vertical,4,12,0,0,0,0,0,0,0
4,vertical,5,12,0,0,0,0,0,0,0
4,vertical,6,12,0,0,0,0,0,0,0
4,vertical,7,12,0,0,0,0,0,0,0
4,vertical,8,12,0,0,0,0,0,0,0
4,vertical,9,12,0,0,0,0,0,0,0
4,vertical,10,12,32,768,768,0,307,307,0
4,vertical,11,12,0,0,0,0,0,0,0
4,vertical,12,12,0,0,0,0,0,0,0
4,vertical,13,12,0,0,0,0,0,0,0
4,vertical,14,12,0,0,0,0,0,0,0
4,vertical,15,12,0,0,0,0,0,0,0
4,vertical,16,12,0,0,0,0,0,0,0
4,vertical,17,12,0,0,0,0,0,0,0
4,vertical,18,12,0,0,0,0,0,0,0
4,vertical,19,12,0,0,0,0,0,0,0
4,vertical,0,13,0,0,0,0,0,0,0
4,vertical,1,13,0,0,0,0,0,0,0
4,vertical,2,13,0,0,0,0,0,0,0
4,vertical,3,13,0,0,0,0,0,0,0
4,vertical,4,13,0,0,0,0,0,0,0
4,vertical,5,13,0,0,0,0,0,0,0
4,vertical,6,13,0,0,0,0,0,0,0
4,vertical,7,13,0,0,0,0,0,0,0
4,vertical,8,13,0,0,0,0,0,0,0
4,vertical,9,13,0,0,0,0,0,0,0
4,vertical,10,13,32,768,768,0,307,307,0
4,vertical,11,13,0,0,0,0,0,0,0
4,vertical,12,13,0,0,0,0,0,0,0
4,vertical,13,13,0,0,0,0,0,0,0
4,vertical,14,13,0,0,0,0,0,0,0
4,vertical,15,13,0,0,0,0,0,0,0
4,vertical,16,13,0,0,0,0,0,0,0
4,vertical,17,13,0,0,0,0,0,0,0
4,vertical,18,13,0,0,0,0,0,0,0
4,vertical,19,13,0,0,0,0,0,0,0
4,vertical,0,14,0,0,0,0,0,0,0
4,vertical,1,14,0,0,0,0,0,0,0
4,vertical,2,14,0,0,0,0,0,0,0
4,vertical,3,14,0,0,0,0,0,0,0
4,vertical,4,14,0,0,0,0,0,0,0
4,vertical,5,14,0,0,0,0,0,0,0
4,vertical,6,14,0,0,0,0,0,0,0
4,vertical,7,14,0,0,0,0,0,0,0
4,vertical,8,14,0,0,0,0,0,0,0
4,vertical,9,14,0,0,0,0,0,0,0
4,vertical,10,14,32,768,768,0,307,307,0
4,vertical,11,14,0,0,0,0,0,0,0
4,vertical,12,14,0,0,0,0,0,0,0
4,vertical,13,14,0,0,0,0,0,0,0
4,vertical,14,14,0,0,0,0,0,0,0
4,vertical,15,14,0,0,0,0,0,0,0
4,vertical,16,14,0,0,0,0,0,0,0
4,vertical,17,14,0,0,0,0,0,0,0
4,vertical,18,14,0,0,0,0,0,0,0
4,vertical,19,14,0,0,0,0,0,0,0
5,diagonal45,0,0,0,0,0,0,0,0,0
5,diagonal45,1,0,0,0,0,0,0,0,0
5,diagonal45,2,0,0,0,0,0,0,0,0
5,diagonal45,3,0,0,0,0,0,0,0,0
5,diagonal45,4,0,0,0,0,0,0,0,0
5,diagonal45,5,0,0,0,0,0,0,0,0
5,diagonal45,6,0,0,0,0,0,0,0,0
5,diagonal45,7,0,0,0,0,0,0,0,0
5,diagonal45,8,0,0,0,0,0,0,0,0
5,diagonal45,9,0,13,768,791,23,307,316,9
5,diagonal45,10,0,79,768,791,23,307,316,9
5,diagonal45,11,0,32,768,768,0,307,307,0
5,diagonal45,12,0,32,768,768,0,307,307,0
5,diagonal45,13,0,32,768,768,0,307,307,0
5,diagonal45,14,0,32,768,768,0,307,307,0
5,diagonal45,15,0,32,768,768,0,307,307,0
5,diagonal45,16,0,32,768,768,0,307,307,0
5,diagonal45,17,0,32,768,768,0,307,307,0
5,diagonal45,18,0,32,768,768,0,307,307,0
5,diagonal45,19,0,32,768,768,0,307,307,0
5,diagonal45,0,1,0,0,0,0,0,0,0
5,diagonal45,1,1,0,0,0,0,0,0,0
5,diagonal45,2,1,0,0,0,0,0,0,0
5,diagonal45,3,1,0,0,0,0,0,0,0
5,diagonal45,4,1,0,0,0,0,0,0,0
5,diagonal45,5,1,0,0,0,0,0,0,0
5,diagonal45,6,1,0,0,0,0,0,0,0
5,diagonal45,7,1,0,0,0,0,0,0,0
5,diagonal45,8,1,0,0,0,0,0,0,0
5,diagonal45,9,1,0,0,0,0,0,0,0
5,diagonal45,10,1,17,768,791,23,307,316,9
5,diagonal45,11,1,47,768,791,23,307,316,9
5,diagonal45,12,1,0,0,0,0,0,0,0
5,diagonal45,13,1,0,0,0,0,0,0,0
5,diagonal45,14,1,0,0,0,0,0,0,0
5,diagonal45,15,1,0,0,0,0,0,0,0
5,diagonal45,16,1,0,0,0,0,0,0,0
5,diagonal45,17,1,0,0,0,0,0,0,0
5,diagonal45,18,1,0,0,0,0,0,0,0
5,diagonal45,19,1,0,0,0,0,0,0,0
5,diagonal45,0,2,0,0,0,0,0,0,0
5,diagonal45,1,2,0,0,0,0,0,0,0
5,diagonal45,2,2,0,0,0,0,0,0,0
5,diagonal45,3,2,0,0,0,0,0,0,0
5,diagonal45,4,2,0,0,0,0,0,0,0
5,diagonal45,5,2,0,0,0,0,0,0,0
5,diagonal45,6,2,0,0,0,0,0,0,0
5,diagonal45,7,2,0,0,0,0,0,0,0
5,diagonal45,8,2,0,0,0,0,0,0,0
5,diagonal45,9,2,0,0,0,0,0,0,0
5,diagonal45,10,2,0,0,0,0,0,0,0
5,diagonal45,11,2,17,768,791,23,307,316,9
5,diagonal45,12,2,47,768,791,23,307,316,9
5,diagonal45,13,2,0,0,0,0,0,0,0
5,diagonal45,14,2,0,0,0,0,0,0,0
5,diagonal45,15,2,0,0,0,0,0,0,0
5,diagonal45,16,2,0,0,0,0,0,0,0
5,diagonal45,17,2,0,0,0,0,0,0,0
5,diagonal45,18,2,0,0,0,0,0,0,0
5,diagonal45,19,2,0,0,0,0,0,0,0
5,diagonal45,0,3,0,0,0,0,0,0,0
5,diagonal45,1,3,0,0,0,0,0,0,0
5,diagonal45,2,3,0,0,0,0,0,0,0
5,diagonal45,3,3,0,0,0,0,0,0,0
5,diagonal45,4,3,0,0,0,0,0,0,0
5,diagonal45,5,3,0,0,0,0,0,0,0
5,diagonal45,6,3,0,0,0,0,0,0,0
5,diagonal45,7,3,0,0,0,0,0,0,0
5,diagonal45,8,3,0,0,0,0,0,0,0
5,diagonal45,9,3,0,0,0,0,0,0,0
5,diagonal45,10,3,0,0,0,0,0,0,0
5,diagonal45,11,3,0,0,0,0,0,0,0
5,diagonal45,12,3,17,768,791,23,307,316,9
5,diagonal45,13,3,47,768,791,23,307,316,9
5,diagonal45,14,3,0,0,0,0,0,0,0
5,diagonal45,15,3,0,0,0,0,0,0,0
5,diagonal45,16,3,0,0,0,0,0,0,0
5,diagonal45,17,3,0,0,0,0,0,0,0
5,diagonal45,18,3,0,0,0,0,0,0,0
5,diagonal45,19,3,0,0,0,0,0,0,0
5,diagonal45,0,4,0,0,0,0,0,0,0
5,diagonal45,1,4,0,0,0,0,0,0,0
5,diagonal45,2,4,0,0,0,0,0,0,0
5,diagonal45,3,4,0,0,0,0,0,0,0
5,diagonal45,4,4,0,0,0,0,0,0,0
5,diagonal45,5,4,0,0,0,0,0,0,0
5,diagonal45,6,4,0,0,0,0,0,0,0
5,diagonal45,7,4,0,0,0,0,0,0,0
5,diagonal45,8,4,0,0,0,0,0,0,0
5,diagonal45,9,4,0,0,0,0,0,0,0
5,diagonal45,10,4,0,0,0,0,0,0,0
5,diagonal45,11,4,0,0,0,0,0,0,0
5,diagonal45,12,4,0,0,0,0,0,0,0
5,diagonal45,13,4,17,768,791,23,307,316,9
5,diagonal45,14,4,47,768,791,23,307,316,9
5,diagonal45,15,4,0,0,0,0,0,0,0
5,diagonal45,16,4,0,0,0,0,0,0,0
5,diagonal45,17,4,0,0,0,0,0,0,0
5,diagonal45,18,4,0,0,0,0,0,0,0
5,diagonal45,19,4,0,0,0,0,0,0,0
5,diagonal45,0,5,0,0,0,0,0,0,0
5,diagonal45,1,5,0,0,0,0,0,0,0
5,diagonal45,2,5,0,0,0,0,0,0,0
5,diagonal45,3,5,0,0,0,0,0,0,0
5,diagonal45,4,5,0,0,0,0,0,0,0
5,diagonal45,5,5,0,0,0,0,0,0,0
5,diagonal45,6,5,0,0,0,0,0,0,0
5,diagonal45,7,5,0,0,0,0,0,0,0
5,diagonal45,8,5,0,0,0,0,0,0,0
5,diagonal45,9,5,0,0,0,0,0,0,0
5,diagonal45,10,5,0,0,0,0,0,0,0
5,diagonal45,11,5,0,0,0,0,0,0,0
5,diagonal45,12,5,0,0,0,0,0,0,0
5,diagonal45,13,5,0,0,0,0,0,0,0
5,diagonal45,14,5,17,768,791,23,307,316,9
5,diagonal45,15,5,47,768,791,23,307,316,9
5,diagonal45,16,5,0,0,0,0,0,0,0
5,diagonal45,17,5,0,0,0,0,0,0,0
5,diagonal45,18,5,0,0,0,0,0,0,0
5,diagonal45,19,5,0,0,0,0,0,0,0
5,diagonal45,0,6,0,0,0,0,0,0,0
5,diagonal45,1,6,0,0,0,0,0,0,0
5,diagonal45,2,6,0,0,0,0,0,0,0
5,diagonal45,3,6,0,0,0,0,0,0,0
5,diagonal45,4,6,0,0,0,0,0,0,0
5,diagonal45,5,6,0,0,0,0,0,0,0
5,diagonal45,6,6,0,0,0,0,0,0,0
5,diagonal45,7,6,0,0,0,0,0,0,0
5,diagonal45,8,6,0,0,0,0,0,0,0
5,diagonal45,9,6,0,0,0,0,0,0,0
5,diagonal45,10,6,0,0,0,0,0,0,0
5,diagonal45,11,6,0,0,0,0,0,0,0
5,diagonal45,12,6,0,0,0,0,0,0,0
5,diagonal45,13,6,0,0,0,0,0,0,0
5,diagonal45,14,6,0,0,0,0,0,0,0
5,diagonal45,15,6,17,768,791,23,307,316,9
5,diagonal45,16,6,47,768,791,23,307,316,9
5,diagonal45,17,6,0,0,0,0,0,0,0
5,diagonal45,18,6,0,0,0,0,0,0,0
5,diagonal45,19,6,0,0,0,0,0,0,0
5,diagonal45,0,7,0,0,0,0,0,0,0
5,diagonal45,1,7,0,0,0,0,0,0,0
5,diagonal45,2,7,0,0,0,0,0,0,0
5,diagonal45,3,7,0,0,0,0,0,0,0
5,diagonal45,4,7,0,0,0,0,0,0,0
5,diagonal45,5,7,0,0,0,0,0,0,0
5,diagonal45,6,7,0,0,0,0,0,0,0
5,diagonal45,7,7,0,0,0,0,0,0,0
5,diagonal45,8,7,0,0,0,0,0,0,0
5,diagonal45,9,7,0,0,0,0,0,0,0
5,diagonal45,10,7,0,0,0,0,0,0,0
5,diagonal45,11,7,0,0,0,0,0,0,0
5,diagonal45,12,7,0,0,0,0,0,0,0
5,diagonal45,13,7,0,0,0,0,0,0,0
5,diagonal45,14,7,0,0,0,0,0,0,0
5,diagonal45,15,7,0,0,0,0,0,0,0
5,diagonal45,16,7,17,768,791,23,307,316,9
5,diagonal45,17,7,47,768,791,23,307,316,9
5,diagonal45,18,7,0,0,0,0,0,0,0
5,diagonal45,19,7,0,0,0,0,0,0,0
5,diagonal45,0,8,0,0,0,0,0,0,0
5,diagonal45,1,8,0,0,0,0,0,0,0
5,diagonal45,2,8,0,0,0,0,0,0,0
5,diagonal45,3,8,0,0,0,0,0,0,0
5,diagonal45,4,8,0,0,0,0,0,0,0
5,diagonal45,5,8,0,0,0,0,0,0,0
5,diagonal45,6,8,0,0,0,0,0,0,0
5,diagonal45,7,8,0,0,0,0,0,0,0
5,diagonal45,8,8,0,0,0,0,0,0,0
5,diagonal45,9,8,0,0,0,0,0,0,0
5,diagonal45,10,8,0,0,0,0,0,0,0
5,diagonal45,11,8,0,0,0,0,0,0,0
5,diagonal45,12,8,0,0,0,0,0,0,0
5,diagonal45,13,8,0,0,0,0,0,0,0
5,diagonal45,14,8,0,0,0,0,0,0,0
5,diagonal45,15,8,0,0,0,0,0,0,0
5,diagonal45,16,8,0,0,0,0,0,0,0
5,diagonal45,17,8,17,768,791,23,307,316,9
5,diagonal45,18,8,47,768,791,23,307,316,9
5,diagonal45,19,8,0,0,0,0,0,0,0
5,diagonal45,0,9,0,0,0,0,0,0,0
5,diagonal45,1,9,0,0,0,0,0,0,0
5,diagonal45,2,9,0,0,0,0,0,0,0
5,diagonal45,3,9,0,0,0,0,0,0,0
5,diagonal45,4,9,0,0,0,0,0,0,0
5,diagonal45,5,9,0,0,0,0,0,0,0
5,diagonal45,6,9,0,0,0,0,0,0,0
5,diagonal45,7,9,0,0,0,0,0,0,0
5,diagonal45,8,9,0,0,0,0,0,0,0
5,diagonal45,9,9,0,0,0,0,0,0,0
5,diagonal45,10,9,0,0,0,0,0,0,0
5,diagonal45,11,9,0,0,0,0,0,0,0
5,diagonal45,12,9,0,0,0,0,0,0,0
5,diagonal45,13,9,0,0,0,0,0,0,0
5,diagonal45,14,9,0,0,0,0,0,0,0
5,diagonal45,15,9,0,0,0,0,0,0,0
5,diagonal45,16,9,0,0,0,0,0,0,0
5,diagonal45,17,9,0,0,0,0,0,0,0
5,diagonal45,18,9,17,768,791,23,307,316,9
5,diagonal45,19,9,47,768,791,23,307,316,9
5,diagonal45,0,10,0,0,0,0,0,0,0
5,diagonal45,1,10,0,0,0,0,0,0,0
5,diagonal45,2,10,0,0,0,0,0,0,0
5,diagonal45,3,10,0,0,0,0,0,0,0
5,diagonal45,4,10,0,0,0,0,0,0,0
5,diagonal45,5,10,0,0,0,0,0,0,0
5,diagonal45,6,10,0,0,0,0,0,0,0
5,diagonal45,7,10,0,0,0,0,0,0,0
5,diagonal45,8,10,0,0,0,0,0,0,0
5,diagonal45,9,10,0,0,0,0,0,0,0
5,diagonal45,10,10,0,0,0,0,0,0,0
5,diagonal45,11,10,0,0,0,0,0,0,0
5,diagonal45,12,10,0,0,0,0,0,0,0
5,diagonal45,13,10,0,0,0,0,0,0,0
5,diagonal45,14,10,0,0,0,0,0,0,0
5,diagonal45,15,10,0,0,0,0,0,0,0
5,diagonal45,16,10,0,0,0,0,0,0,0
5,diagonal45,17,10,0,0,0,0,0,0,0
5,diagonal45,18,10,0,0,0,0,0,0,0
5,diagonal45,19,10,17,768,791,23,307,316,9
5,diagonal45,0,11,0,0,0,0,0,0,0
5,diagonal45,1,11,0,0,0,0,0,0,0
5,diagonal45,2,11,0,0,0,0,0,0,0
5,diagonal45,3,11,0,0,0,0,0,0,0
5,diagonal45,4,11,0,0,0,0,0,0,0
5,diagonal45,5,11,0,0,0,0,0,0,0
5,diagonal45,6,11,0,0,0,0,0,0,0
5,diagonal45,7,11,0,0,0,0,0,0,0
5,diagonal45,8,11,0,0,0,0,0,0,0
5,diagonal45,9,11,0,0,0,0,0,0,0
5,diagonal45,10,11,0,0,0,0,0,0,0
5,diagonal45,11,11,0,0,0,0,0,0,0
5,diagonal45,12,11,0,0,0,0,0,0,0
5,diagonal45,13,11,0,0,0,0,0,0,0
5,diagonal45,14,11,0,0,0,0,0,0,0
5,diagonal45,15,11,0,0,0,0,0,0,0
5,diagonal45,16,11,0,0,0,0,0,0,0
5,diagonal45,17,11,0,0,0,0,0,0,0
5,diagonal45,18,11,0,0,0,0,0,0,0
5,diagonal45,19,11,0,0,0,0,0,0,0
5,diagonal45,0,12,0,0,0,0,0,0,0
5,diagonal45,1,12,0,0,0,0,0,0,0
5,diagonal45,2,12,0,0,0,0,0,0,0
5,diagonal45,3,12,0,0,0,0,0,0,0
5,diagonal45,4,12,0,0,0,0,0,0,0
5,diagonal45,5,12,0,0,0,0,0,0,0
5,diagonal45,6,12,0,0,0,0,0,0,0
5,diagonal45,7,12,0,0,0,0,0,0,0
5,diagonal45,8,12,0,0,0,0,0,0,0
5,diagonal45,9,12,0,0,0,0,0,0,0
5,diagonal45,10,12,0,0,0,0,0,0,0
5,diagonal45,11,12,0,0,0,0,0,0,0
5,diagonal45,12,12,0,0,0,0,0,0,0
5,diagonal45,13,12,0,0,0,0,0,0,0
5,diagonal45,14,12,0,0,0,0,0,0,0
5,diagonal45,15,12,0,0,0,0,0,0,0
5,diagonal45,16,12,0,0,0,0,0,0,0
5,diagonal45,17,12,0,0,0,0,0,0,0
5,diagonal45,18,12,0,0,0,0,0,0,0
5,diagonal45,19,12,0,0,0,0,0,0,0
5,diagonal45,0,13,0,0,0,0,0,0,0
5,diagonal45,1,13,0,0,0,0,0,0,0
5,diagonal45,2,13,0,0,0,0,0,0,0
5,diagonal45,3,13,0,0,0,0,0,0,0
5,diagonal45,4,13,0,0,0,0,0,0,0
5,diagonal45,5,13,0,0,0,0,0,0,0
5,diagonal45,6,13,0,0,0,0,0,0,0
5,diagonal45,7,13,0,0,0,0,0,0,0
5,diagonal45,8,13,0,0,0,0,0,0,0
5,diagonal45,9,13,0,0,0,0,0,0,0
5,diagonal45,10,13,0,0,0,0,0,0,0
5,diagonal45,11,13,0,0,0,0,0,0,0
5,diagonal45,12,13,0,0,0,0,0,0,0
5,diagonal45,13,13,0,0,0,0,0,0,0
5,diagonal45,14,13,0,0,0,0,0,0,0
5,diagonal45,15,13,0,0,0,0,0,0,0
5,diagonal45,16,13,0,0,0,0,0,0,0
5,diagonal45,17,13,0,0,0,0,0,0,0
5,diagonal45,18,13,0,0,0,0,0,0,0
5,diagonal45,19,13,0,0,0,0,0,0,0
5,diagonal45,0,14,0,0,0,0,0,0,0
5,diagonal45,1,14,0,0,0,0,0,0,0
5,diagonal45,2,14,0,0,0,0,0,0,0
5,diagonal45,3,14,0,0,0,0,0,0,0
5,diagonal45,4,14,0,0,0,0,0,0,0
5,diagonal45,5,14,0,0,0,0,0,0,0
5,diagonal45,6,14,0,0,0,0,0,0,0
5,diagonal45,7,14,0,0,0,0,0,0,0
5,diagonal45,8,14,0,0,0,0,0,0,0
5,diagonal45,9,14,0,0,0,0,0,0,0
5,diagonal45,10,14,0,0,0,0,0,0,0
5,diagonal45,11,14,0,0,0,0,0,0,0
5,diagonal45,12,14,0,0,0,0,0,0,0
5,diagonal45,13,14,0,0,0,0,0,0,0
5,diagonal45,14,14,0,0,0,0,0,0,0
5,diagonal45,15,14,0,0,0,0,0,0,0
5,diagonal45,16,14,0,0,0,0,0,0,0
5,diagonal45,17,14,0,0,0,0,0,0,0
5,diagonal45,18,14,0,0,0,0,0,0,0
5,diagonal45,19,14,0,0,0,0,0,0,0
6,diagonal135,0,0,0,0,0,0,0,0,0
6,diagonal135,1,0,0,0,0,0,0,0,0
6,diagonal135,2,0,0,0,0,0,0,0,0
6,diagonal135,3,0,0,0,0,0,0,0,0
6,diagonal135,4,0,0,0,0,0,0,0,0
6,diagonal135,5,0,0,0,0,0,0,0,0
6,diagonal135,6,0,0,0,0,0,0,0,0
6,diagonal135,7,0,0,0,0,0,0,0,0
6,diagonal135,8,0,0,0,0,0,0,0,0
6,diagonal135,9,0,35,768,791,23,307,316,9
6,diagonal135,10,0,43,768,791,23,307,316,9
6,diagonal135,11,0,32,768,768,0,307,307,0
6,diagonal135,12,0,32,768,768,0,307,307,0
6,diagonal135,13,0,32,768,768,0,307,307,0
6,diagonal135,14,0,32,768,768,0,307,307,0
6,diagonal135,15,0,32,768,768,0,307,307,0
6,diagonal135,16,0,32,768,768,0,307,307,0
6,diagonal135,17,0,32,768,768,0,307,307,0
6,diagonal135,18,0,32,768,768,0,307,307,0
6,diagonal135,19,0,32,768,768,0,307,307,0
6,diagonal135,0,1,0,0,0,0,0,0,0
6,diagonal135,1,1,0,0,0,0,0,0,0
6,diagonal135,2,1,0,0,0,0,0,0,0
6,diagonal135,3,1,0,0,0,0,0,0,0
6,diagonal135,4,1,0,0,0,0,0,0,0
6,diagonal135,5,1,0,0,0,0,0,0,0
6,diagonal135,6,1,0,0,0,0,0,0,0
6,diagonal135,7,1,0,0,0,0,0,0,0
6,diagonal135,8,1,35,768,791,23,307,316,9
6,diagonal135,9,1,29,768,791,23,307,316,9
6,diagonal135,10,1,0,0,0,0,0,0,0
6,diagonal135,11,1,0,0,0,0,0,0,0
6,diagonal135,12,1,0,0,0,0,0,0,0
6,diagonal135,13,1,0,0,0,0,0,0,0
6,diagonal135,14,1,0,0,0,0,0,0,0
6,diagonal135,15,1,0,0,0,0,0,0,0
6,diagonal135,16,1,0,0,0,0,0,0,0
6,diagonal135,17,1,0,0,0,0,0,0,0
6,diagonal135,18,1,0,0,0,0,0,0,0
6,diagonal135,19,1,0,0,0,0,0,0,0
6,diagonal135,0,2,0,0,0,0,0,0,0
6,diagonal135,1,2,0,0,0,0,0,0,0
6,diagonal135,2,2,0,0,0,0,0,0,0
6,diagonal135,3,2,0,0,0,0,0,0,0
6,diagonal135,4,2,0,0,0,0,0,0,0
6,diagonal135,5,2,0,0,0,0,0,0,0
6,diagonal135,6,2,0,0,0,0,0,0,0
6,diagonal135,7,2,35,768,791,23,307,316,9
6,diagonal135,8,2,29,768,791,23,307,316,9
6,diagonal135,9,2,0,0,0,0,0,0,0
6,diagonal135,10,2,0,0,0,0,0,0,0
6,diagonal135,11,2,0,0,0,0,0,0,0
6,diagonal135,12,2,0,0,0,0,0,0,0
6,diagonal135,13,2,0,0,0,0,0,0,0
6,diagonal135,14,2,0,0,0,0,0,0,0
6,diagonal135,15,2,0,0,0,0,0,0,0
6,diagonal135,16,2,0,0,0,0,0,0,0
6,diagonal135,17,2,0,0,0,0,0,0,0
6,diagonal135,18,2,0,0,0,0,0,0,0
6,diagonal135,19,2,0,0,0,0,0,0,0
6,diagonal135,0,3,0,0,0,0,0,0,0
6,diagonal135,1,3,0,0,0,0,0,0,0
6,diagonal135,2,3,0,0,0,0,0,0,0
6,diagonal135,3,3,0,0,0,0,0,0,0
6,diagonal135,4,3,0,0,0,0,0,0,0
6,diagonal135,5,3,0,0,0,0,0,0,0
6,diagonal135,6,3,35,768,791,23,307,316,9
6,diagonal135,7,3,29,768,791,23,307,316,9
6,diagonal135,8,3,0,0,0,0,0,0,0
6,diagonal135,9,3,0,0,0,0,0,0,0
6,diagonal135,10,3,0,0,0,0,0,0,0
6,diagonal135,11,3,0,0,0,0,0,0,0
6,diagonal135,12,3,0,0,0,0,0,0,0
6,diagonal135,13,3,0,0,0,0,0,0,0
6,diagonal135,14,3,0,0,0,0,0,0,0
6,diagonal135,15,3,0,0,0,0,0,0,0
6,diagonal135,16,3,0,0,0,0,0,0,0
6,diagonal135,17,3,0,0,0,0,0,0,0
6,diagonal135,18,3,0,0,0,0,0,0,0
6,diagonal135,19,3,0,0,0,0,0,0,0
6,diagonal135,0,4,0,0,0,0,0,0,0
6,diagonal135,1,4,0,0,0,0,0,0,0
6,diagonal135,2,4,0,0,0,0,0,0,0
6,diagonal135,3,4,0,0,0,0,0,0,0
6,diagonal135,4,4,0,0,0,0,0,0,0
6,diagonal135,5,4,35,768,791,23,307,316,9
6,diagonal135,6,4,29,768,791,23,307,316,9
6,diagonal135,7,4,0,0,0,0,0,0,0
6,diagonal135,8,4,0,0,0,0,0,0,0
6,diagonal135,9,4,0,0,0,0,0,0,0
6,diagonal135,10,4,0,0,0,0,0,0,0
6,diagonal135,11,4,0,0,0,0,0,0,0
6,diagonal135,12,4,0,0,0,0,0,0,0
6,diagonal135,13,4,0,0,0,0,0,0,0
6,diagonal135,14,4,0,0,0,0,0,0,0
6,diagonal135,15,4,0,0,0,0,0,0,0
6,diagonal135,16,4,0,0,0,0,0,0,0
6,diagonal135,17,4,0,0,0,0,0,0,0
6,diagonal135,18,4,0,0,0,0,0,0,0
6,diagonal135,19,4,0,0,0,0,0,0,0
6,diagonal135,0,5,0,0,0,0,0,0,0
6,diagonal135,1,5,0,0,0,0,0,0,0
6,diagonal135,2,5,0,0,0,0,0,0,0
6,diagonal135,3,5,0,0,0,0,0,0,0
6,diagonal135,4,5,35,768,791,23,307,316,9
6,diagonal135,5,5,29,768,791,23,307,316,9
6,diagonal135,6,5,0,0,0,0,0,0,0
6,diagonal135,7,5,0,0,0,0,0,0,0
6,diagonal135,8,5,0,0,0,0,0,0,0
6,diagonal135,9,5,0,0,0,0,0,0,0
6,diagonal135,10,5,0,0,0,0,0,0,0
6,diagonal135,11,5,0,0,0,0,0,0,0
6,diagonal135,12,5,0,0,0,0,0,0,0
6,diagonal135,13,5,0,0,0,0,0,0,0
6,diagonal135,14,5,0,0,0,0,0,0,0
6,diagonal135,15,5,0,0,0,0,0,0,0
6,diagonal135,16,5,0,0,0,0,0,0,0
6,diagonal135,17,5,0,0,0,0,0,0,0
6,diagonal135,18,5,0,0,0,0,0,0,0
6,diagonal135,19,5,0,0,0,0,0,0,0
6,diagonal135,0,6,0,0,0,0,0,0,0
6,diagonal135,1,6,0,0,0,0,0,0,0
6,diagonal135,2,6,0,0,0,0,0,0,0
6,diagonal135,3,6,35,768,791,23,307,316,9
6,diagonal135,4,6,29,768,791,23,307,316,9
6,diagonal135,5,6,0,0,0,0,0,0,0
6,diagonal135,6,6,0,0,0,0,0,0,0
6,diagonal135,7,6,0,0,0,0,0,0,0
6,diagonal135,8,6,0,0,0,0,0,0,0
6,diagonal135,9,6,0,0,0,0,0,0,0
6,diagonal135,10,6,0,0,0,0,0,0,0
6,diagonal135,11,6,0,0,0,0,0,0,0
6,diagonal135,12,6,0,0,0,0,0,0,0
6,diagonal135,13,6,0,0,0,0,0,0,0
6,diagonal135,14,6,0,0,0,0,0,0,0
6,diagonal135,15,6,0,0,0,0,0,0,0
6,diagonal135,16,6,0,0,0,0,0,0,0
6,diagonal135,17,6,0,0,0,0,0,0,0
6,diagonal135,18,6,0,0,0,0,0,0,0
6,diagonal135,19,6,0,0,0,0,0,0,0
6,diagonal135,0,7,0,0,0,0,0,0,0
6,diagonal135,1,7,0,0,0,0,0,0,0
6,diagonal135,2,7,35,768,791,23,307,316,9
6,diagonal135,3,7,29,768,791,23,307,316,9
6,diagonal135,4,7,0,0,0,0,0,0,0
6,diagonal135,5,7,0,0,0,0,0,0,0
6,diagonal135,6,7,0,0,0,0,0,0,0
6,diagonal135,7,7,0,0,0,0,0,0,0
6,diagonal135,8,7,0,0,0,0,0,0,0
6,diagonal135,9,7,0,0,0,0,0,0,0
6,diagonal135,10,7,0,0,0,0,0,0,0
6,diagonal135,11,7,0,0,0,0,0,0,0
6,diagonal135,12,7,0,0,0,0,0,0,0
6,diagonal135,13,7,0,0,0,0,0,0,0
6,diagonal135,14,7,0,0,0,0,0,0,0
6,diagonal135,15,7,0,0,0,0,0,0,0
6,diagonal135,16,7,0,0,0,0,0,0,0
6,diagonal135,17,7,0,0,0,0,0,0,0
6,diagonal135,18,7,0,0,0,0,0,0,0
6,diagonal135,19,7,0,0,0,0,0,0,0
6,diagonal135,0,8,0,0,0,0,0,0,0
6,diagonal135,1,8,35,768,791,23,307,316,9
6,diagonal135,2,8,29,768,791,23,307,316,9
6,diagonal135,3,8,0,0,0,0,0,0,0
6,diagonal135,4,8,0,0,0,0,0,0,0
6,diagonal135,5,8,0,0,0,0,0,0,0
6,diagonal135,6,8,0,0,0,0,0,0,0
6,diagonal135,7,8,0,0,0,0,0,0,0
6,diagonal135,8,8,0,0,0,0,0,0,0
6,diagonal135,9,8,0,0,0,0,0,0,0
6,diagonal135,10,8,0,0,0,0,0,0,0
6,diagonal135,11,8,0,0,0,0,0,0,0
6,diagonal135,12,8,0,0,0,0,0,0,0
6,diagonal135,13,8,0,0,0,0,0,0,0
6,diagonal135,14,8,0,0,0,0,0,0,0
6,diagonal135,15,8,0,0,0,0,0,0,0
6,diagonal135,16,8,0,0,0,0,0,0,0
6,diagonal135,17,8,0,0,0,0,0,0,0
6,diagonal135,18,8,0,0,0,0,0,0,0
6,diagonal135,19,8,0,0,0,0,0,0,0
6,diagonal135,0,9,35,768,791,23,307,316,9
6,diagonal135,1,9,29,768,791,23,307,316,9
6,diagonal135,2,9,0,0,0,0,0,0,0
6,diagonal135,3,9,0,0,0,0,0,0,0
6,diagonal135,4,9,0,0,0,0,0,0,0
6,diagonal135,5,9,0,0,0,0,0,0,0
6,diagonal135,6,9,0,0,0,0,0,0,0
6,diagonal135,7,9,0,0,0,0,0,0,0
6,diagonal135,8,9,0,0,0,0,0,0,0
6,diagonal135,9,9,0,0,0,0,0,0,0
6,diagonal135,10,9,0,0,0,0,0,0,0
6,diagonal135,11,9,0,0,0,0,0,0,0
6,diagonal135,12,9,0,0,0,0,0,0,0
6,diagonal135,13,9,0,0,0,0,0,0,0
6,diagonal135,14,9,0,0,0,0,0,0,0
6,diagonal135,15,9,0,0,0,0,0,0,0
6,diagonal135,16,9,0,0,0,0,0,0,0
6,diagonal135,17,9,0,0,0,0,0,0,0
6,diagonal135,18,9,0,0,0,0,0,0,0
6,diagonal135,19,9,0,0,0,0,0,0,0
6,diagonal135,0,10,43,768,791,23,307,316,9
6,diagonal135,1,10,0,0,0,0,0,0,0
6,diagonal135,2,10,0,0,0,0,0,0,0
6,diagonal135,3,10,0,0,0,0,0,0,0
6,diagonal135,4,10,0,0,0,0,0,0,0
6,diagonal135,5,10,0,0,0,0,0,0,0
6,diagonal135,6,10,0,0,0,0,0,0,0
6,diagonal135,7,10,0,0,0,0,0,0,0
6,diagonal135,8,10,0,0,0,0,0,0,0
6,diagonal135,9,10,0,0,0,0,0,0,0
6,diagonal135,10,10,0,0,0,0,0,0,0
6,diagonal135,11,10,0,0,0,0,0,0,0
6,diagonal135,12,10,0,0,0,0,0,0,0
6,diagonal135,13,10,0,0,0,0,0,0,0
6,diagonal135,14,10,0,0,0,0,0,0,0
6,diagonal135,15,10,0,0,0,0,0,0,0
6,diagonal135,16,10,0,0,0,0,0,0,0
6,diagonal135,17,10,0,0,0,0,0,0,0
6,diagonal135,18,10,0,0,0,0,0,0,0
6,diagonal135,19,10,0,0,0,0,0,0,0
6,diagonal135,0,11,32,768,768,0,307,307,0
6,diagonal135,1,11,0,0,0,0,0,0,0
6,diagonal135,2,11,0,0,0,0,0,0,0
6,diagonal135,3,11,0,0,0,0,0,0,0
6,diagonal135,4,11,0,0,0,0,0,0,0
6,diagonal135,5,11,0,0,0,0,0,0,0
6,diagonal135,6,11,0,0,0,0,0,0,0
6,diagonal135,7,11,0,0,0,0,0,0,0
6,diagonal135,8,11,0,0,0,0,0,0,0
6,diagonal135,9,11,0,0,0,0,0,0,0
6,diagonal135,10,11,0,0,0,0,0,0,0
6,diagonal135,11,11,0,0,0,0,0,0,0
6,diagonal135,12,11,0,0,0,0,0,0,0
6,diagonal135,13,11,0,0,0,0,0,0,0
6,diagonal135,14,11,0,0,0,0,0,0,0
6,diagonal135,15,11,0,0,0,0,0,0,0
6,diagonal135,16,11,0,0,0,0,0,0,0
6,diagonal135,17,11,0,0,0,0,0,0,0
6,diagonal135,18,11,0,0,0,0,0,0,0
6,diagonal135,19,11,0,0,0,0,0,0,0
6,diagonal135,0,12,32,768,768,0,307,307,0
6,diagonal135,1,12,0,0,0,0,0,0,0
6,diagonal135,2,12,0,0,0,0,0,0,0
6,diagonal135,3,12,0,0,0,0,0,0,0
6,diagonal135,4,12,0,0,0,0,0,0,0
6,diagonal135,5,12,0,0,0,0,0,0,0
6,diagonal135,6,12,0,0,0,0,0,0,0
6,diagonal135,7,12,0,0,0,0,0,0,0
6,diagonal135,8,12,0,0,0,0,0,0,0
6,diagonal135,9,12,0,0,0,0,0,0,0
6,diagonal135,10,12,0,0,0,0,0,0,0
6,diagonal135,11,12,0,0,0,0,0,0,0
6,diagonal135,12,12,0,0,0,0,0,0,0
6,diagonal135,13,12,0,0,0,0,0,0,0
6,diagonal135,14,12,0,0,0,0,0,0,0
6,diagonal135,15,12,0,0,0,0,0,0,0
6,diagonal135,16,12,0,0,0,0,0,0,0
6,diagonal135,17,12,0,0,0,0,0,0,0
6,diagonal135,18,12,0,0,0,0,0,0,0
6,diagonal135,19,12,0,0,0,0,0,0,0
6,diagonal135,0,13,32,768,768,0,307,307,0
6,diagonal135,1,13,0,0,0,0,0,0,0
6,diagonal135,2,13,0,0,0,0,0,0,0
6,diagonal135,3,13,0,0,0,0,0,0,0
6,diagonal135,4,13,0,0,0,0,0,0,0
6,diagonal135,5,13,0,0,0,0,0,0,0
6,diagonal135,6,13,0,0,0,0,0,0,0
6,diagonal135,7,13,0,0,0,0,0,0,0
6,diagonal135,8,13,0,0,0,0,0,0,0
6,diagonal135,9,13,0,0,0,0,0,0,0
6,diagonal135,10,13,0,0,0,0,0,0,0
6,diagonal135,11,13,0,0,0,0,0,0,0
6,diagonal135,12,13,0,0,0,0,0,0,0
6,diagonal135,13,13,0,0,0,0,0,0,0
6,diagonal135,14,13,0,0,0,0,0,0,0
6,diagonal135,15,13,0,0,0,0,0,0,0
6,diagonal135,16,13,0,0,0,0,0,0,0
6,diagonal135,17,13,0,0,0,0,0,0,0
6,diagonal135,18,13,0,0,0,0,0,0,0
6,diagonal135,19,13,0,0,0,0,0,0,0
6,diagonal135,0,14,32,768,768,0,307,307,0
6,diagonal135,1,14,0,0,0,0,0,0,0
6,diagonal135,2,14,0,0,0,0,0,0,0
6,diagonal135,3,14,0,0,0,0,0,0,0
6,diagonal135,4,14,0,0,0,0,0,0,0
6,diagonal135,5,14,0,0,0,0,0,0,0
6,diagonal135,6,14,0,0,0,0,0,0,0
6,diagonal135,7,14,0,0,0,0,0,0,0
6,diagonal135,8,14,0,0,0,0,0,0,0
6,diagonal135,9,14,0,0,0,0,0,0,0
6,diagonal135,10,14,0,0,0,0,0,0,0
6,diagonal135,11,14,0,0,0,0,0,0,0
6,diagonal135,12,14,0,0,0,0,0,0,0
6,diagonal135,13,14,0,0,0,0,0,0,0
6,diagonal135,14,14,0,0,0,0,0,0,0
6,diagonal135,15,14,0,0,0,0,0,0,0
6,diagonal135,16,14,0,0,0,0,0,0,0
6,diagonal135,17,14,0,0,0,0,0,0,0
6,diagonal135,18,14,0,0,0,0,0,0,0
6,diagonal135,19,14,0,0,0,0,0,0,0
7,checkerboard,0,0,222,768,768,0,307,307,0
7,checkerboard,1,0,240,768,768,0,307,307,0
7,checkerboard,2,0,240,768,768,0,307,307,0
7,checkerboard,3,0,240,768,768,0,307,307,0
7,checkerboard,4,0,240,768,768,0,307,307,0
7,checkerboard,5,0,240,768,768,0,307,307,0
7,checkerboard,6,0,240,768,768,0,307,307,0
7,checkerboard,7,0,240,768,768,0,307,307,0
7,checkerboard,8,0,240,768,768,0,307,307,0
7,checkerboard,9,0,240,768,768,0,307,307,0
7,checkerboard,10,0,240,768,768,0,307,307,0
7,checkerboard,11,0,240,768,768,0,307,307,0
7,checkerboard,12,0,240,768,768,0,307,307,0
7,checkerboard,13,0,240,768,768,0,307,307,0
7,checkerboard,14,0,240,768,768,0,307,307,0
7,checkerboard,15,0,240,768,768,0,307,307,0
7,checkerboard,16,0,240,768,768,0,307,307,0
7,checkerboard,17,0,240,768,768,0,307,307,0
7,checkerboard,18,0,240,768,768,0,307,307,0
7,checkerboard,19,0,240,768,768,0,307,307,0
7,checkerboard,0,1,240,768,768,0,307,307,0
7,checkerboard,1,1,256,768,768,0,307,307,0
7,checkerboard,2,1,256,768,768,0,307,307,0
7,checkerboard,3,1,256,768,768,0,307,307,0
7,checkerboard,4,1,256,768,768,0,307,307,0
7,checkerboard,5,1,256,768,768,0,307,307,0
7,checkerboard,6,1,256,768,768,0,307,307,0
7,checkerboard,7,1,256,768,768,0,307,307,0
7,checkerboard,8,1,256,768,768,0,307,307,0
7,checkerboard,9,1,256,768,768,0,307,307,0
7,checkerboard,10,1,256,768,768,0,307,307,0
7,checkerboard,11,1,256,768,768,0,307,307,0
7,checkerboard,12,1,256,768,768,0,307,307,0
7,checkerboard,13,1,256,768,768,0,307,307,0
7,checkerboard,14,1,256,768,768,0,307,307,0
7,checkerboard,15,1,256,768,768,0,307,307,0
7,checkerboard,16,1,256,768,768,0,307,307,0
7,checkerboard,17,1,256,768,768,0,307,307,0
7,checkerboard,18,1,256,768,768,0,307,307,0
7,checkerboard,19,1,256,768,768,0,307,307,0
7,checkerboard,0,2,240,768,768,0,307,307,0
7,checkerboard,1,2,256,768,768,0,307,307,0
7,checkerboard,2,2,256,768,768,0,307,307,0
7,checkerboard,3,2,256,768,768,0,307,307,0
7,checkerboard,4,2,256,768,768,0,307,307,0
7,checkerboard,5,2,256,768,768,0,307,307,0
7,checkerboard,6,2,256,768,768,0,307,307,0
7,checkerboard,7,2,256,768,768,0,307,307,0
7,checkerboard,8,2,256,768,768,0,307,307,0
7,checkerboard,9,2,256,768,768,0,307,307,0
7,checkerboard,10,2,256,768,768,0,307,307,0
7,checkerboard,11,2,256,768,768,0,307,307,0
7,checkerboard,12,2,256,768,768,0,307,307,0
7,checkerboard,13,2,256,768,768,0,307,307,0
7,checkerboard,14,2,256,768,768,0,307,307,0
7,checkerboard,15,2,256,768,768,0,307,307,0
7,checkerboard,16,2,256,768,768,0,307,307,0
7,checkerboard,17,2,256,768,768,0,307,307,0
7,checkerboard,18,2,256,768,768,0,307,307,0
7,checkerboard,19,2,256,768,768,0,307,307,0
7,checkerboard,0,3,240,768,768,0,307,307,0
7,checkerboard,1,3,256,768,768,0,307,307,0
7,checkerboard,2,3,256,768,768,0,307,307,0
7,checkerboard,3,3,256,768,768,0,307,307,0
7,checkerboard,4,3,256,768,768,0,307,307,0
7,checkerboard,5,3,256,768,768,0,307,307,0
7,checkerboard,6,3,256,768,768,0,307,307,0
7,checkerboard,7,3,256,768,768,0,307,307,0
7,checkerboard,8,3,256,768,768,0,307,307,0
7,checkerboard,9,3,256,768,768,0,307,307,0
7,checkerboard,10,3,256,768,768,0,307,307,0
7,checkerboard,11,3,256,768,768,0,307,307,0
7,checkerboard,12,3,256,768,768,0,307,307,0
7,checkerboard,13,3,256,768,768,0,307,307,0
7,checkerboard,14,3,256,768,768,0,307,307,0
7,checkerboard,15,3,256,768,768,0,307,307,0
7,checkerboard,16,3,256,768,768,0,307,307,0
7,checkerboard,17,3,256,768,768,0,307,307,0
7,checkerboard,18,3,256,768,768,0,307,307,0
7,checkerboard,19,3,256,768,768,0,307,307,0
7,checkerboard,0,4,240,768,768,0,307,307,0
7,checkerboard,1,4,256,768,768,0,307,307,0
7,checkerboard,2,4,256,768,768,0,307,307,0
7,checkerboard,3,4,256,768,768,0,307,307,0
7,checkerboard,4,4,256,768,768,0,307,307,0
7,checkerboard,5,4,256,768,768,0,307,307,0
7,checkerboard,6,4,256,768,768,0,307,307,0
7,checkerboard,7,4,256,768,768,0,307,307,0
7,checkerboard,8,4,256,768,768,0,307,307,0
7,checkerboard,9,4,256,768,768,0,307,307,0
7,checkerboard,10,4,256,768,768,0,307,307,0
7,checkerboard,11,4,256,768,768,0,307,307,0
7,checkerboard,12,4,256,768,768,0,307,307,0
7,checkerboard,13,4,256,768,768,0,307,307,0
7,checkerboard,14,4,256,768,768,0,307,307,0
7,checkerboard,15,4,256,768,768,0,307,307,0
7,checkerboard,16,4,256,768,768,0,307,307,0
7,checkerboard,17,4,256,768,768,0,307,307,0
7,checkerboard,18,4,256,768,768,0,307,307,0
7,checkerboard,19,4,256,768,768,0,307,307,0
7,checkerboard,0,5,240,768,768,0,307,307,0
7,checkerboard,1,5,256,768,768,0,307,307,0
7,checkerboard,2,5,256,768,768,0,307,307,0
7,checkerboard,3,5,256,768,768,0,307,307,0
7,checkerboard,4,5,256,768,768,0,307,307,0
7,checkerboard,5,5,256,768,768,0,307,307,0
7,checkerboard,6,5,256,768,768,0,307,307,0
7,checkerboard,7,5,256,768,768,0,307,307,0
7,checkerboard,8,5,256,768,768,0,307,307,0
7,checkerboard,9,5,256,768,768,0,307,307,0
7,checkerboard,10,5,256,768,768,0,307,307,0
7,checkerboard,11,5,256,768,768,0,307,307,0
7,checkerboard,12,5,256,768,768,0,307,307,0
7,checkerboard,13,5,256,768,768,0,307,307,0
7,checkerboard,14,5,256,768,768,0,307,307,0
7,checkerboard,15,5,256,768,768,0,307,307,0
7,checkerboard,16,5,256,768,768,0,307,307,0
7,checkerboard,17,5,256,768,768,0,307,307,0
7,checkerboard,18,5,256,768,768,0,307,307,0
7,checkerboard,19,5,256,768,768,0,307,307,0
7,checkerboard,0,6,240,768,768,0,307,307,0
7,checkerboard,1,6,256,768,768,0,307,307,0
7,checkerboard,2,6,256,768,768,0,307,307,0
7,checkerboard,3,6,256,768,768,0,307,307,0
7,checkerboard,4,6,256,768,768,0,307,307,0
7,checkerboard,5,6,256,768,768,0,307,307,0
7,checkerboard,6,6,256,768,768,0,307,307,0
7,checkerboard,7,6,256,768,768,0,307,307,0
7,checkerboard,8,6,256,768,768,0,307,307,0
7,checkerboard,9,6,256,768,768,0,307,307,0
7,checkerboard,10,6,256,768,768,0,307,307,0
7,checkerboard,11,6,256,768,768,0,307,307,0
7,checkerboard,12,6,256,768,768,0,307,307,0
7,checkerboard,13,6,256,768,768,0,307,307,0
7,checkerboard,14,6,256,768,768,0,307,307,0
7,checkerboard,15,6,256,768,768,0,307,307,0
7,checkerboard,16,6,256,768,768,0,307,307,0
7,checkerboard,17,6,256,768,768,0,307,307,0
7,checkerboard,18,6,256,768,768,0,307,307,0
7,checkerboard,19,6,256,768,768,0,307,307,0
7,checkerboard,0,7,240,768,768,0,307,307,0
7,checkerboard,1,7,256,768,768,0,307,307,0
7,checkerboard,2,7,256,768,768,0,307,307,0
7,checkerboard,3,7,256,768,768,0,307,307,0
7,checkerboard,4,7,256,768,768,0,307,307,0
7,checkerboard,5,7,256,768,768,0,307,307,0
7,checkerboard,6,7,256,768,768,0,307,307,0
7,checkerboard,7,7,256,768,768,0,307,307,0
7,checkerboard,8,7,256,768,768,0,307,307,0
7,checkerboard,9,7,256,768,768,0,307,307,0
7,checkerboard,10,7,256,768,768,0,307,307,0
7,checkerboard,11,7,256,768,768,0,307,307,0
7,checkerboard,12,7,256,768,768,0,307,307,0
7,checkerboard,13,7,256,768,768,0,307,307,0
7,checkerboard,14,7,256,768,768,0,307,307,0
7,checkerboard,15,7,256,768,768,0,307,307,0
7,checkerboard,16,7,256,768,768,0,307,307,0
7,checkerboard,17,7,256,768,768,0,307,307,0
7,checkerboard,18,7,256,768,768,0,307,307,0
7,checkerboard,19,7,256,768,768,0,307,307,0
7,checkerboard,0,8,240,768,768,0,307,307,0
7,checkerboard,1,8,256,768,768,0,307,307,0
7,checkerboard,2,8,256,768,768,0,307,307,0
7,checkerboard,3,8,256,768,768,0,307,307,0
7,checkerboard,4,8,256,768,768,0,307,307,0
7,checkerboard,5,8,256,768,768,0,307,307,0
7,checkerboard,6,8,256,768,768,0,307,307,0
7,checkerboard,7,8,256,768,768,0,307,307,0
7,checkerboard,8,8,256,768,768,0,307,307,0
7,checkerboard,9,8,256,768,768,0,307,307,0
7,checkerboard,10,8,256,768,768,0,307,307,0
7,checkerboard,11,8,256,768,768,0,307,307,0
7,checkerboard,12,8,256,768,768,0,307,307,0
7,checkerboard,13,8,256,768,768,0,307,307,0
7,checkerboard,14,8,256,768,768,0,307,307,0
7,checkerboard,15,8,256,768,768,0,307,307,0
7,checkerboard,16,8,256,768,768,0,307,307,0
7,checkerboard,17,8,256,768,768,0,307,307,0
7,checkerboard,18,8,256,768,768,0,307,307,0
7,checkerboard,19,8,256,768,768,0,307,307,0
7,checkerboard,0,9,240,768,768,0,307,307,0
7,checkerboard,1,9,256,768,768,0,307,307,0
7,checkerboard,2,9,256,768,768,0,307,307,0
7,checkerboard,3,9,256,768,768,0,307,307,0
7,checkerboard,4,9,256,768,768,0,307,307,0
7,checkerboard,5,9,256,768,768,0,307,307,0
7,checkerboard,6,9,256,768,768,0,307,307,0
7,checkerboard,7,9,256,768,768,0,307,307,0
7,checkerboard,8,9,256,768,768,0,307,307,0
7,checkerboard,9,9,256,768,768,0,307,307,0
7,checkerboard,10,9,256,768,768,0,307,307,0
7,checkerboard,11,9,256,768,768,0,307,307,0
7,checkerboard,12,9,256,768,768,0,307,307,0
7,checkerboard,13,9,256,768,768,0,307,307,0
7,checkerboard,14,9,256,768,768,0,307,307,0
7,checkerboard,15,9,256,768,768,0,307,307,0
7,checkerboard,16,9,256,768,768,0,307,307,0
7,checkerboard,17,9,256,768,768,0,307,307,0
7,checkerboard,18,9,256,768,768,0,307,307,0
7,checkerboard,19,9,256,768,768,0,307,307,0
7,checkerboard,0,10,240,768,768,0,307,307,0
7,checkerboard,1,10,256,768,768,0,307,307,0
7,checkerboard,2,10,256,768,768,0,307,307,0
7,checkerboard,3,10,256,768,768,0,307,307,0
7,checkerboard,4,10,256,768,768,0,307,307,0
7,checkerboard,5,10,256,768,768,0,307,307,0
7,checkerboard,6,10,256,768,768,0,307,307,0
7,checkerboard,7,10,256,768,768,0,307,307,0
7,checkerboard,8,10,256,768,768,0,307,307,0
7,checkerboard,9,10,256,768,768,0,307,307,0
7,checkerboard,10,10,256,768,768,0,307,307,0
7,checkerboard,11,10,256,768,768,0,307,307,0
7,checkerboard,12,10,256,768,768,0,307,307,0
7,checkerboard,13,10,256,768,768,0,307,307,0
7,checkerboard,14,10,256,768,768,0,307,307,0
7,checkerboard,15,10,256,768,768,0,307,307,0
7,checkerboard,16,10,256,768,768,0,307,307,0
7,checkerboard,17,10,256,768,768,0,307,307,0
7,checkerboard,18,10,256,768,768,0,307,307,0
7,checkerboard,19,10,256,768,768,0,307,307,0
7,checkerboard,0,11,240,768,768,0,307,307,0
7,checkerboard,1,11,256,768,768,0,307,307,0
7,checkerboard,2,11,256,768,768,0,307,307,0
7,checkerboard,3,11,256,768,768,0,307,307,0
7,checkerboard,4,11,256,768,768,0,307,307,0
7,checkerboard,5,11,256,768,768,0,307,307,0
7,checkerboard,6,11,256,768,768,0,307,307,0
7,checkerboard,7,11,256,768,768,0,307,307,0
7,checkerboard,8,11,256,768,768,0,307,307,0
7,checkerboard,9,11,256,768,768,0,307,307,0
7,checkerboard,10,11,256,768,768,0,307,307,0
7,checkerboard,11,11,256,768,768,0,307,307,0
7,checkerboard,12,11,256,768,768,0,307,307,0
7,checkerboard,13,11,256,768,768,0,307,307,0
7,checkerboard,14,11,256,768,768,0,307,307,0
7,checkerboard,15,11,256,768,768,0,307,307,0
7,checkerboard,16,11,256,768,768,0,307,307,0
7,checkerboard,17,11,256,768,768,0,307,307,0
7,checkerboard,18,11,256,768,768,0,307,307,0
7,checkerboard,19,11,256,768,768,0,307,307,0
7,checkerboard,0,12,240,768,768,0,307,307,0
7,checkerboard,1,12,256,768,768,0,307,307,0
7,checkerboard,2,12,256,768,768,0,307,307,0
7,checkerboard,3,12,256,768,768,0,307,307,0
7,checkerboard,4,12,256,768,768,0,307,307,0
7,checkerboard,5,12,256,768,768,0,307,307,0
7,checkerboard,6,12,256,768,768,0,307,307,0
7,checkerboard,7,12,256,768,768,0,307,307,0
7,checkerboard,8,12,256,768,768,0,307,307,0
7,checkerboard,9,12,256,768,768,0,307,307,0
7,checkerboard,10,12,256,768,768,0,307,307,0
7,checkerboard,11,12,256,768,768,0,307,307,0
7,checkerboard,12,12,256,768,768,0,307,307,0
7,checkerboard,13,12,256,768,768,0,307,307,0
7,checkerboard,14,12,256,768,768,0,307,307,0
7,checkerboard,15,12,256,768,768,0,307,307,0
7,checkerboard,16,12,256,768,768,0,307,307,0
7,checkerboard,17,12,256,768,768,0,307,307,0
7,checkerboard,18,12,256,768,768,0,307,307,0
7,checkerboard,19,12,256,768,768,0,307,307,0
7,checkerboard,0,13,240,768,768,0,307,307,0
7,checkerboard,1,13,256,768,768,0,307,307,0
7,checkerboard,2,13,256,768,768,0,307,307,0
7,checkerboard,3,13,256,768,768,0,307,307,0
7,checkerboard,4,13,256,768,768,0,307,307,0
7,checkerboard,5,13,256,768,768,0,307,307,0
7,checkerboard,6,13,256,768,768,0,307,307,0
7,checkerboard,7,13,256,768,768,0,307,307,0
7,checkerboard,8,13,256,768,768,0,307,307,0
7,checkerboard,9,13,256,768,768,0,307,307,0
7,checkerboard,10,13,256,768,768,0,307,307,0
7,checkerboard,11,13,256,768,768,0,307,307,0
7,checkerboard,12,13,256,768,768,0,307,307,0
7,checkerboard,13,13,256,768,768,0,307,307,0
7,checkerboard,14,13,256,768,768,0,307,307,0
7,checkerboard,15,13,256,768,768,0,307,307,0
7,checkerboard,16,13,256,768,768,0,307,307,0
7,checkerboard,17,13,256,768,768,0,307,307,0
7,checkerboard,18,13,256,768,768,0,307,307,0
7,checkerboard,19,13,256,768,768,0,307,307,0
7,checkerboard,0,14,240,768,768,0,307,307,0
7,checkerboard,1,14,256,768,768,0,307,307,0
7,checkerboard,2,14,256,768,768,0,307,307,0
7,checkerboard,3,14,256,768,768,0,307,307,0
7,checkerboard,4,14,256,768,768,0,307,307,0
7,checkerboard,5,14,256,768,768,0,307,307,0
7,checkerboard,6,14,256,768,768,0,307,307,0
7,checkerboard,7,14,256,768,768,0,307,307,0
7,checkerboard,8,14,256,768,768,0,307,307,0
7,checkerboard,9,14,256,768,768,0,307,307,0
7,checkerboard,10,14,256,768,768,0,307,307,0
7,checkerboard,11,14,256,768,768,0,307,307,0
7,checkerboard,12,14,256,768,768,0,307,307,0
7,checkerboard,13,14,256,768,768,0,307,307,0
7,checkerboard,14,14,256,768,768,0,307,307,0
7,checkerboard,15,14,256,768,768,0,307,307,0
7,checkerboard,16,14,256,768,768,0,307,307,0
7,checkerboard,17,14,256,768,768,0,307,307,0
7,checkerboard,18,14,256,768,768,0,307,307,0
7,checkerboard,19,14,256,768,768,0,307,307,0
8,random,0,0,350,320,325,5,128,130,2
8,random,1,0,384,256,304,48,102,121,19
8,random,2,0,375,256,297,41,102,118,16
8,random,3,0,381,256,272,16,102,108,6
8,random,4,0,371,256,264,8,102,105,3
8,random,5,0,374,256,287,31,102,114,12
8,random,6,0,379,256,303,47,102,121,19
8,random,7,0,383,256,297,41,102,118,16
8,random,8,0,369,256,296,40,102,118,16
8,random,9,0,394,256,284,28,102,113,11
8,random,10,0,410,256,270,14,102,108,6
8,random,11,0,380,256,293,37,102,117,15
8,random,12,0,392,256,299,43,102,119,17
8,random,13,0,382,256,303,47,102,121,19
8,random,14,0,381,256,293,37,102,117,15
8,random,15,0,399,256,280,24,102,112,10
8,random,16,0,385,256,297,41,102,118,16
8,random,17,0,368,256,310,54,102,124,22
8,random,18,0,380,256,306,50,102,122,20
8,random,19,0,394,256,305,49,102,122,20
8,random,0,1,387,256,291,35,102,116,14
8,random,1,1,406,256,259,3,102,103,1
8,random,2,1,403,256,274,18,102,109,7
8,random,3,1,402,256,282,26,102,112,10
8,random,4,1,406,256,261,5,102,104,2
8,random,5,1,407,256,270,14,102,108,6
8,random,6,1,402,256,260,4,102,104,2
8,random,7,1,411,256,267,11,102,106,4
8,random,8,1,414,256,276,20,102,110,8
8,random,9,1,415,256,264,8,102,105,3
8,random,10,1,402,256,267,11,102,106,4
8,random,11,1,392,256,266,10,102,106,4
8,random,12,1,401,256,273,17,102,109,7
8,random,13,1,419,256,266,10,102,106,4
8,random,14,1,403,256,285,29,102,114,12
8,random,15,1,416,256,290,34,102,116,14
8,random,16,1,401,256,271,15,102,108,6
8,random,17,1,406,256,276,20,102,110,8
8,random,18,1,406,256,259,3,102,103,1
8,random,19,1,405,256,267,11,102,106,4
8,random,0,2,384,256,286,30,102,114,12
8,random,1,2,421,256,259,3,102,103,1
8,random,2,2,402,256,265,9,102,106,4
8,random,3,2,414,256,262,6,102,104,2
8,random,4,2,421,256,266,10,102,106,4
8,random,5,2,424,256,260,4,102,104,2
8,random,6,2,410,256,279,23,102,111,9
8,random,7,2,415,256,277,21,102,110,8
8,random,8,2,406,192,254,62,76,101,25
8,random,9,2,403,256,279,23,102,111,9
8,random,10,2,401,256,272,16,102,108,6
8,random,11,2,401,256,256,0,102,102,0
8,random,12,2,412,256,262,6,102,104,2
8,random,13,2,403,256,276,20,102,110,8
8,random,14,2,411,256,273,17,102,109,7
8,random,15,2,400,256,282,26,102,112,10
8,random,16,2,402,256,290,34,102,116,14
8,random,17,2,412,256,267,11,102,106,4
8,random,18,2,408,256,268,12,102,107,5
8,random,19,2,408,256,277,21,102,110,8
8,random,0,3,393,256,277,21,102,110,8
8,random,1,3,408,256,259,3,102,103,1
8,random,2,3,414,256,293,37,102,117,15
8,random,3,3,404,256,286,30,102,114,12
8,random,4,3,412,256,260,4,102,104,2
8,random,5,3,415,256,271,15,102,108,6
8,random,6,3,439,256,261,5,102,104,2
8,random,7,3,416,256,265,9,102,106,4
8,random,8,3,415,256,260,4,102,104,2
8,random,9,3,403,256,278,22,102,111,9
8,random,10,3,431,256,267,11,102,106,4
8,random,11,3,409,256,266,10,102,106,4
8,random,12,3,408,256,275,19,102,110,8
8,random,13,3,412,256,261,5,102,104,2
8,random,14,3,401,256,258,2,102,103,1
8,random,15,3,418,256,267,11,102,106,4
8,random,16,3,399,256,281,25,102,112,10
8,random,17,3,414,256,256,0,102,102,0
8,random,18,3,429,256,265,9,102,106,4
8,random,19,3,388,256,267,11,102,106,4
8,random,0,4,379,256,307,51,102,122,20
8,random,1,4,406,256,278,22,102,111,9
8,random,2,4,407,256,272,16,102,108,6
8,random,3,4,424,256,267,11,102,106,4
8,random,4,4,404,256,276,20,102,110,8
8,random,5,4,418,256,265,9,102,106,4
8,random,6,4,410,256,262,6,102,104,2
8,random,7,4,404,256,294,38,102,117,15
8,random,8,4,420,192,254,62,76,101,25
8,random,9,4,401,192,254,62,76,101,25
8,random,10,4,408,192,246,54,76,98,22
8,random,11,4,411,256,270,14,102,108,6
8,random,12,4,413,256,257,1,102,102,0
8,random,13,4,413,192,237,45,76,94,18
8,random,14,4,411,256,270,14,102,108,6
8,random,15,4,402,256,273,17,102,109,7
8,random,16,4,409,256,283,27,102,113,11
8,random,17,4,408,256,270,14,102,108,6
8,random,18,4,412,256,265,9,102,106,4
8,random,19,4,396,256,264,8,102,105,3
8,random,0,5,379,256,304,48,102,121,19
8,random,1,5,411,256,274,18,102,109,7
8,random,2,5,418,256,269,13,102,107,5
8,random,3,5,430,256,267,11,102,106,4
8,random,4,5,404,256,270,14,102,108,6
8,random,5,5,395,256,266,10,102,106,4
8,random,6,5,404,256,274,18,102,109,7
8,random,7,5,429,256,258,2,102,103,1
8,random,8,5,397,256,268,12,102,107,5
8,random,9,5,411,256,278,22,102,111,9
8,random,10,5,415,256,287,31,102,114,12
8,random,11,5,416,256,263,7,102,105,3
8,random,12,5,408,256,262,6,102,104,2
8,random,13,5,411,256,270,14,102,108,6
8,random,14,5,400,256,282,26,102,112,10
8,random,15,5,416,256,274,18,102,109,7
8,random,16,5,442,256,263,7,102,105,3
8,random,17,5,419,256,287,31,102,114,12
8,random,18,5,399,192,251,59,76,100,24
8,random,19,5,427,256,283,27,102,113,11
8,random,0,6,372,256,318,62,102,127,25
8,random,1,6,420,256,265,9,102,106,4
8,random,2,6,407,256,260,4,102,104,2
8,random,3,6,405,256,290,34,102,116,14
8,random,4,6,434,256,268,12,102,107,5
8,random,5,6,422,256,277,21,102,110,8
8,random,6,6,391,256,276,20,102,110,8
8,random,7,6,404,256,264,8,102,105,3
8,random,8,6,413,256,268,12,102,107,5
8,random,9,6,416,256,269,13,102,107,5
8,random,10,6,425,256,284,28,102,113,11
8,random,11,6,403,256,270,14,102,108,6
8,random,12,6,429,256,273,17,102,109,7
8,random,13,6,405,256,278,22,102,111,9
8,random,14,6,416,256,274,18,102,109,7
8,random,15,6,402,256,269,13,102,107,5
8,random,16,6,412,256,256,0,102,102,0
8,random,17,6,407,256,270,14,102,108,6
8,random,18,6,410,256,268,12,102,107,5
8,random,19,6,402,256,261,5,102,104,2
8,random,0,7,379,256,300,44,102,120,18
8,random,1,7,427,256,265,9,102,106,4
8,random,2,7,411,256,271,15,102,108,6
8,random,3,7,413,256,271,15,102,108,6
8,random,4,7,410,192,254,62,76,101,25
8,random,5,7,417,256,275,19,102,110,8
8,random,6,7,416,192,255,63,76,102,26
8,random,7,7,418,256,271,15,102,108,6
8,random,8,7,427,256,261,5,102,104,2
8,random,9,7,412,256,266,10,102,106,4
8,random,10,7,401,256,273,17,102,109,7
8,random,11,7,429,256,284,28,102,113,11
8,random,12,7,401,256,261,5,102,104,2
8,random,13,7,395,256,289,33,102,115,13
8,random,14,7,407,256,280,24,102,112,10
8,random,15,7,411,192,239,47,76,95,19
8,random,16,7,402,256,260,4,102,104,2
8,random,17,7,410,256,278,22,102,111,9
8,random,18,7,421,256,258,2,102,103,1
8,random,19,7,409,256,275,19,102,110,8
8,random,0,8,381,256,283,27,102,113,11
8,random,1,8,401,192,254,62,76,101,25
8,random,2,8,430,256,265,9,102,106,4
8,random,3,8,401,256,276,20,102,110,8
8,random,4,8,419,192,253,61,76,101,25
8,random,5,8,426,256,268,12,102,107,5
8,random,6,8,396,256,277,21,102,110,8
8,random,7,8,414,256,277,21,102,110,8
8,random,8,8,420,256,257,1,102,102,0
8,random,9,8,397,256,266,10,102,106,4
8,random,10,8,397,256,283,27,102,113,11
8,random,11,8,401,256,272,16,102,108,6
8,random,12,8,429,256,257,1,102,102,0
8,random,13,8,429,256,256,0,102,102,0
8,random,14,8,413,256,276,20,102,110,8
8,random,15,8,403,256,267,11,102,106,4
8,random,16,8,431,256,258,2,102,103,1
8,random,17,8,393,192,247,55,76,98,22
8,random,18,8,404,256,268,12,102,107,5
8,random,19,8,413,256,259,3,102,103,1
8,random,0,9,382,256,296,40,102,118,16
8,random,1,9,428,256,280,24,102,112,10
8,random,2,9,406,256,275,19,102,110,8
8,random,3,9,428,256,269,13,102,107,5
8,random,4,9,413,256,264,8,102,105,3
8,random,5,9,412,256,262,6,102,104,2
8,random,6,9,425,256,266,10,102,106,4
8,random,7,9,412,256,258,2,102,103,1
8,random,8,9,407,256,271,15,102,108,6
8,random,9,9,414,256,268,12,102,107,5
8,random,10,9,399,256,262,6,102,104,2
8,random,11,9,410,256,275,19,102,110,8
8,random,12,9,408,256,262,6,102,104,2
8,random,13,9,406,256,276,20,102,110,8
8,random,14,9,436,256,273,17,102,109,7
8,random,15,9,415,256,259,3,102,103,1
8,random,16,9,404,256,257,1,102,102,0
8,random,17,9,407,256,269,13,102,107,5
8,random,18,9,409,256,275,19,102,110,8
8,random,19,9,401,256,277,21,102,110,8
8,random,0,10,400,320,320,0,128,128,0
8,random,1,10,413,256,272,16,102,108,6
8,random,2,10,391,192,255,63,76,102,26
8,random,3,10,403,256,259,3,102,103,1
8,random,4,10,413,256,265,9,102,106,4
8,random,5,10,412,256,264,8,102,105,3
8,random,6,10,386,256,273,17,102,109,7
8,random,7,10,412,256,269,13,102,107,5
8,random,8,10,423,256,262,6,102,104,2
8,random,9,10,395,256,267,11,102,106,4
8,random,10,10,411,256,269,13,102,107,5
8,random,11,10,424,256,261,5,102,104,2
8,random,12,10,416,256,278,22,102,111,9
8,random,13,10,414,256,270,14,102,108,6
8,random,14,10,400,192,251,59,76,100,24
8,random,15,10,423,192,247,55,76,98,22
8,random,16,10,389,256,272,16,102,108,6
8,random,17,10,393,192,244,52,76,97,21
8,random,18,10,411,256,280,24,102,112,10
8,random,19,10,439,256,281,25,102,112,10
8,random,0,11,376,256,297,41,102,118,16
8,random,1,11,415,256,268,12,102,107,5
8,random,2,11,411,256,265,9,102,106,4
8,random,3,11,413,256,257,1,102,102,0
8,random,4,11,414,256,258,2,102,103,1
8,random,5,11,418,256,261,5,102,104,2
8,random,6,11,411,256,283,27,102,113,11
8,random,7,11,409,192,249,57,76,99,23
8,random,8,11,419,256,275,19,102,110,8
8,random,9,11,405,256,264,8,102,105,3
8,random,10,11,426,192,253,61,76,101,25
8,random,11,11,406,256,256,0,102,102,0
8,random,12,11,427,192,250,58,76,100,24
8,random,13,11,403,256,260,4,102,104,2
8,random,14,11,398,256,274,18,102,109,7
8,random,15,11,405,256,272,16,102,108,6
8,random,16,11,427,256,269,13,102,107,5
8,random,17,11,409,256,256,0,102,102,0
8,random,18,11,413,192,248,56,76,99,23
8,random,19,11,400,256,278,22,102,111,9
8,random,0,12,389,256,287,31,102,114,12
8,random,1,12,400,256,292,36,102,116,14
8,random,2,12,401,256,258,2,102,103,1
8,random,3,12,420,256,285,29,102,114,12
8,random,4,12,411,256,275,19,102,110,8
8,random,5,12,415,256,258,2,102,103,1
8,random,6,12,406,256,259,3,102,103,1
8,random,7,12,405,256,258,2,102,103,1
8,random,8,12,404,256,290,34,102,116,14
8,random,9,12,397,256,257,1,102,102,0
8,random,10,12,394,256,273,17,102,109,7
8,random,11,12,424,256,270,14,102,108,6
8,random,12,12,399,192,253,61,76,101,25
8,random,13,12,422,256,276,20,102,110,8
8,random,14,12,410,256,264,8,102,105,3
8,random,15,12,424,256,267,11,102,106,4
8,random,16,12,411,256,277,21,102,110,8
8,random,17,12,409,256,278,22,102,111,9
8,random,18,12,406,256,266,10,102,106,4
8,random,19,12,413,256,262,6,102,104,2
8,random,0,13,380,256,287,31,102,114,12
8,random,1,13,414,256,266,10,102,106,4
8,random,2,13,419,256,264,8,102,105,3
8,random,3,13,394,256,287,31,102,114,12
8,random,4,13,413,256,275,19,102,110,8
8,random,5,13,408,256,280,24,102,112,10
8,random,6,13,414,256,285,29,102,114,12
8,random,7,13,413,256,276,20,102,110,8
8,random,8,13,420,256,260,4,102,104,2
8,random,9,13,418,256,266,10,102,106,4
8,random,10,13,398,256,263,7,102,105,3
8,random,11,13,409,256,268,12,102,107,5
8,random,12,13,412,256,274,18,102,109,7
8,random,13,13,426,192,255,63,76,102,26
8,random,14,13,423,256,263,7,102,105,3
8,random,15,13,395,256,257,1,102,102,0
8,random,16,13,425,256,268,12,102,107,5
8,random,17,13,422,256,261,5,102,104,2
8,random,18,13,416,256,265,9,102,106,4
8,random,19,13,419,256,263,7,102,105,3
8,random,0,14,354,256,309,53,102,123,21
8,random,1,14,403,256,271,15,102,108,6
8,random,2,14,415,256,283,27,102,113,11
8,random,3,14,412,256,263,7,102,105,3
8,random,4,14,402,256,269,13,102,107,5
8,random,5,14,403,256,282,26,102,112,10
8,random,6,14,422,256,264,8,102,105,3
8,random,7,14,407,256,272,16,102,108,6
8,random,8,14,407,256,273,17,102,109,7
8,random,9,14,405,256,257,1,102,102,0
8,random,10,14,414,192,254,62,76,101,25
8,random,11,14,413,192,253,61,76,101,25
8,random,12,14,417,256,269,13,102,107,5
8,random,13,14,407,256,256,0,102,102,0
8,random,14,14,403,256,271,15,102,108,6
8,random,15,14,414,256,276,20,102,110,8
8,random,16,14,406,192,252,60,76,100,24
8,random,17,14,406,256,272,16,102,108,6
8,random,18,14,408,256,266,10,102,106,4
8,random,19,14,412,256,271,15,102,108,6
9,monkey,0,0,341,192,226,34,76,90,14
9,monkey,1,0,364,192,219,27,76,87,11
9,monkey,2,0,353,192,217,25,76,86,10
9,monkey,3,0,343,192,224,32,76,89,13
9,monkey,4,0,351,192,230,38,76,92,16
9,monkey,5,0,364,192,194,2,76,77,1
9,monkey,6,0,362,192,230,38,76,92,16
9,monkey,7,0,317,192,210,18,76,84,8
9,monkey,8,0,337,192,193,1,76,77,1
9,monkey,9,0,332,192,209,17,76,83,7
9,monkey,10,0,323,192,193,1,76,77,1
9,monkey,11,0,325,192,201,9,76,80,4
9,monkey,12,0,351,192,197,5,76,78,2
9,monkey,13,0,329,192,210,18,76,84,8
9,monkey,14,0,347,128,190,62,51,76,25
9,monkey,15,0,345,192,233,41,76,93,17
9,monkey,16,0,353,192,255,63,76,102,26
9,monkey,17,0,338,192,225,33,76,90,14
9,monkey,18,0,338,128,185,57,51,74,23
9,monkey,19,0,341,192,233,41,76,93,17
9,monkey,0,1,351,192,224,32,76,89,13
9,monkey,1,1,353,192,220,28,76,88,12
9,monkey,2,1,378,128,185,57,51,74,23
9,monkey,3,1,364,128,188,60,51,75,24
9,monkey,4,1,345,128,162,34,51,64,13
9,monkey,5,1,348,64,121,57,25,48,23
9,monkey,6,1,307,192,214,22,76,85,9
9,monkey,7,1,295,128,141,13,51,56,5
9,monkey,8,1,320,128,179,51,51,71,20
9,monkey,9,1,334,128,150,22,51,60,9
9,monkey,10,1,302,128,153,25,51,61,10
9,monkey,11,1,325,128,154,26,51,61,10
9,monkey,12,1,303,128,133,5,51,53,2
9,monkey,13,1,283,192,223,31,76,89,13
9,monkey,14,1,338,128,145,17,51,58,7
9,monkey,15,1,369,64,125,61,25,50,25
9,monkey,16,1,361,192,205,13,76,82,6
9,monkey,17,1,373,192,192,0,76,76,0
9,monkey,18,1,350,128,182,54,51,72,21
9,monkey,19,1,356,192,218,26,76,87,11
9,monkey,0,2,355,192,216,24,76,86,10
9,monkey,1,2,372,192,218,26,76,87,11
9,monkey,2,2,369,128,174,46,51,69,18
9,monkey,3,2,356,128,178,50,51,71,20
9,monkey,4,2,395,128,173,45,51,69,18
9,monkey,5,2,373,128,131,3,51,52,1
9,monkey,6,2,308,192,220,28,76,88,12
9,monkey,7,2,322,192,234,42,76,93,17
9,monkey,8,2,332,192,234,42,76,93,17
9,monkey,9,2,314,128,157,29,51,62,11
9,monkey,10,2,366,128,144,16,51,57,6
9,monkey,11,2,336,192,230,38,76,92,16
9,monkey,12,2,309,192,222,30,76,88,12
9,monkey,13,2,315,256,292,36,102,116,14
9,monkey,14,2,358,128,169,41,51,67,16
9,monkey,15,2,387,128,191,63,51,76,25
9,monkey,16,2,354,128,184,56,51,73,22
9,monkey,17,2,361,128,145,17,51,58,7
9,monkey,18,2,368,128,179,51,51,71,20
9,monkey,19,2,369,192,202,10,76,80,4
9,monkey,0,3,335,192,221,29,76,88,12
9,monkey,1,3,352,128,186,58,51,74,23
9,monkey,2,3,362,128,191,63,51,76,25
9,monkey,3,3,370,128,185,57,51,74,23
9,monkey,4,3,383,128,170,42,51,68,17
9,monkey,5,3,374,128,150,22,51,60,9
9,monkey,6,3,273,128,171,43,51,68,17
9,monkey,7,3,273,128,153,25,51,61,10
9,monkey,8,3,310,128,169,41,51,67,16
9,monkey,9,3,295,128,156,28,51,62,11
9,monkey,10,3,354,64,122,58,25,48,23
9,monkey,11,3,270,128,186,58,51,74,23
9,monkey,12,3,264,64,83,19,25,33,8
9,monkey,13,3,259,128,179,51,51,71,20
9,monkey,14,3,368,64,123,59,25,49,24
9,monkey,15,3,377,128,171,43,51,68,17
9,monkey,16,3,355,128,181,53,51,72,21
9,monkey,17,3,372,128,133,5,51,53,2
9,monkey,18,3,347,128,153,25,51,61,10
9,monkey,19,3,360,192,194,2,76,77,1
9,monkey,0,4,326,192,209,17,76,83,7
9,monkey,1,4,368,128,180,52,51,72,21
9,monkey,2,4,376,192,195,3,76,78,2
9,monkey,3,4,357,128,174,46,51,69,18
9,monkey,4,4,374,128,170,42,51,68,17
9,monkey,5,4,324,128,135,7,51,54,3
9,monkey,6,4,325,64,100,36,25,40,15
9,monkey,7,4,307,1,32,31,0,12,12
9,monkey,8,4,269,64,114,50,25,45,20
9,monkey,9,4,352,1,55,54,0,22,22
9,monkey,10,4,317,1,45,44,0,18,18
9,monkey,11,4,295,64,80,16,25,32,7
9,monkey,12,4,286,1,39,38,0,15,15
9,monkey,13,4,298,1,60,59,0,24,24
9,monkey,14,4,322,64,101,37,25,40,15
9,monkey,15,4,348,128,132,4,51,52,1
9,monkey,16,4,370,128,154,26,51,61,10
9,monkey,17,4,356,128,132,4,51,52,1
9,monkey,18,4,365,128,158,30,51,63,12
9,monkey,19,4,344,128,171,43,51,68,17
9,monkey,0,5,338,128,161,33,51,64,13
9,monkey,1,5,377,128,179,51,51,71,20
9,monkey,2,5,362,128,189,61,51,75,24
9,monkey,3,5,365,128,161,33,51,64,13
9,monkey,4,5,356,128,172,44,51,68,17
9,monkey,5,5,285,128,141,13,51,56,5
9,monkey,6,5,318,1,32,31,0,12,12
9,monkey,7,5,327,1,29,28,0,11,11
9,monkey,8,5,304,1,50,49,0,20,20
9,monkey,9,5,321,1,42,41,0,16,16
9,monkey,10,5,321,1,43,42,0,17,17
9,monkey,11,5,263,64,81,17,25,32,7
9,monkey,12,5,296,1,32,31,0,12,12
9,monkey,13,5,305,1,34,33,0,13,13
9,monkey,14,5,289,64,70,6,25,28,3
9,monkey,15,5,347,128,138,10,51,55,4
9,monkey,16,5,387,128,131,3,51,52,1
9,monkey,17,5,383,128,140,12,51,56,5
9,monkey,18,5,347,128,150,22,51,60,9
9,monkey,19,5,371,128,152,24,51,60,9
9,monkey,0,6,334,128,174,46,51,69,18
9,monkey,1,6,365,128,179,51,51,71,20
9,monkey,2,6,340,128,165,37,51,66,15
9,monkey,3,6,373,128,182,54,51,72,21
9,monkey,4,6,341,128,171,43,51,68,17
9,monkey,5,6,261,64,110,46,25,44,19
9,monkey,6,6,302,64,85,21,25,34,9
9,monkey,7,6,294,1,35,34,0,14,14
9,monkey,8,6,297,64,67,3,25,26,1
9,monkey,9,6,329,64,64,0,25,25,0
9,monkey,10,6,337,1,46,45,0,18,18
9,monkey,11,6,278,64,69,5,25,27,2
9,monkey,12,6,304,1,41,40,0,16,16
9,monkey,13,6,329,64,68,4,25,27,2
9,monkey,14,6,304,64,80,16,25,32,7
9,monkey,15,6,351,128,141,13,51,56,5
9,monkey,16,6,355,128,161,33,51,64,13
9,monkey,17,6,366,128,141,13,51,56,5
9,monkey,18,6,346,128,144,16,51,57,6
9,monkey,19,6,347,64,116,52,25,46,21
9,monkey,0,7,314,128,129,1,51,51,0
9,monkey,1,7,327,128,134,6,51,53,2
9,monkey,2,7,342,128,148,20,51,59,8
9,monkey,3,7,350,128,152,24,51,60,9
9,monkey,4,7,348,64,125,61,25,50,25
9,monkey,5,7,272,128,140,12,51,56,5
9,monkey,6,7,314,1,53,52,0,21,21
9,monkey,7,7,309,1,48,47,0,19,19
9,monkey,8,7,285,1,40,39,0,16,16
9,monkey,9,7,340,64,78,14,25,31,6
9,monkey,10,7,289,64,69,5,25,27,2
9,monkey,11,7,281,64,65,1,25,26,1
9,monkey,12,7,271,1,51,50,0,20,20
9,monkey,13,7,320,64,67,3,25,26,1
9,monkey,14,7,297,64,105,41,25,42,17
9,monkey,15,7,350,64,127,63,25,50,25
9,monkey,16,7,371,64,124,60,25,49,24
9,monkey,17,7,359,64,127,63,25,50,25
9,monkey,18,7,349,64,114,50,25,45,20
9,monkey,19,7,333,64,97,33,25,38,13
9,monkey,0,8,322,64,82,18,25,32,7
9,monkey,1,8,342,64,96,32,25,38,13
9,monkey,2,8,340,128,160,32,51,64,13
9,monkey,3,8,344,64,107,43,25,42,17
9,monkey,4,8,347,64,111,47,25,44,19
9,monkey,5,8,275,128,186,58,51,74,23
9,monkey,6,8,295,64,103,39,25,41,16
9,monkey,7,8,308,64,77,13,25,30,5
9,monkey,8,8,271,64,80,16,25,32,7
9,monkey,9,8,317,64,76,12,25,30,5
9,monkey,10,8,294,1,61,60,0,24,24
9,monkey,11,8,258,64,114,50,25,45,20
9,monkey,12,8,287,64,84,20,25,33,8
9,monkey,13,8,291,64,120,56,25,48,23
9,monkey,14,8,323,128,139,11,51,55,4
9,monkey,15,8,354,64,116,52,25,46,21
9,monkey,16,8,355,128,132,4,51,52,1
9,monkey,17,8,358,64,114,50,25,45,20
9,monkey,18,8,346,64,81,17,25,32,7
9,monkey,19,8,359,1,58,57,0,23,23
9,monkey,0,9,316,64,68,4,25,27,2
9,monkey,1,9,339,64,86,22,25,34,9
9,monkey,2,9,342,128,134,6,51,53,2
9,monkey,3,9,345,256,264,8,102,105,3
9,monkey,4,9,320,192,228,36,76,91,15
9,monkey,5,9,333,128,179,51,51,71,20
9,monkey,6,9,312,128,170,42,51,68,17
9,monkey,7,9,291,64,115,51,25,46,21
9,monkey,8,9,308,64,86,22,25,34,9
9,monkey,9,9,331,1,47,46,0,18,18
9,monkey,10,9,331,1,42,41,0,16,16
9,monkey,11,9,267,128,178,50,51,71,20
9,monkey,12,9,243,128,155,27,51,62,11
9,monkey,13,9,297,128,187,59,51,74,23
9,monkey,14,9,356,128,139,11,51,55,4
9,monkey,15,9,359,192,194,2,76,77,1
9,monkey,16,9,351,128,146,18,51,58,7
9,monkey,17,9,338,64,106,42,25,42,17
9,monkey,18,9,331,64,81,17,25,32,7
9,monkey,19,9,348,1,63,62,0,25,25
9,monkey,0,10,287,1,45,44,0,18,18
9,monkey,1,10,310,1,52,51,0,20,20
9,monkey,2,10,343,128,168,40,51,67,16
9,monkey,3,10,370,192,215,23,76,86,10
9,monkey,4,10,356,128,182,54,51,72,21
9,monkey,5,10,372,192,209,17,76,83,7
9,monkey,6,10,343,64,111,47,25,44,19
9,monkey,7,10,253,64,124,60,25,49,24
9,monkey,8,10,313,1,45,44,0,18,18
9,monkey,9,10,361,1,41,40,0,16,16
9,monkey,10,10,302,1,52,51,0,20,20
9,monkey,11,10,237,64,116,52,25,46,21
9,monkey,12,10,294,64,124,60,25,49,24
9,monkey,13,10,366,128,130,2,51,52,1
9,monkey,14,10,359,128,184,56,51,73,22
9,monkey,15,10,351,128,170,42,51,68,17
9,monkey,16,10,355,128,182,54,51,72,21
9,monkey,17,10,344,128,163,35,51,65,14
9,monkey,18,10,345,64,66,2,25,26,1
9,monkey,19,10,326,1,45,44,0,18,18
9,monkey,0,11,283,1,42,41,0,16,16
9,monkey,1,11,327,1,56,55,0,22,22
9,monkey,2,11,343,128,146,18,51,58,7
9,monkey,3,11,370,128,158,30,51,63,12
9,monkey,4,11,365,128,138,10,51,55,4
9,monkey,5,11,351,192,244,52,76,97,21
9,monkey,6,11,341,64,69,5,25,27,2
9,monkey,7,11,314,64,65,1,25,26,1
9,monkey,8,11,293,64,109,45,25,43,18
9,monkey,9,11,318,1,60,59,0,24,24
9,monkey,10,11,296,64,105,41,25,42,17
9,monkey,11,11,311,1,47,46,0,18,18
9,monkey,12,11,322,1,35,34,0,14,14
9,monkey,13,11,382,192,192,0,76,76,0
9,monkey,14,11,353,192,236,44,76,94,18
9,monkey,15,11,365,192,234,42,76,93,17
9,monkey,16,11,360,64,96,32,25,38,13
9,monkey,17,11,333,64,113,49,25,45,20
9,monkey,18,11,336,64,120,56,25,48,23
9,monkey,19,11,316,1,44,43,0,17,17
9,monkey,0,12,312,1,44,43,0,17,17
9,monkey,1,12,324,1,46,45,0,18,18
9,monkey,2,12,329,64,97,33,25,38,13
9,monkey,3,12,358,128,150,22,51,60,9
9,monkey,4,12,365,128,151,23,51,60,9
9,monkey,5,12,351,256,261,5,102,104,2
9,monkey,6,12,379,128,186,58,51,74,23
9,monkey,7,12,369,128,129,1,51,51,0
9,monkey,8,12,323,64,84,20,25,33,8
9,monkey,9,12,275,64,84,20,25,33,8
9,monkey,10,12,336,1,43,42,0,17,17
9,monkey,11,12,350,64,70,6,25,28,3
9,monkey,12,12,352,192,211,19,76,84,8
9,monkey,13,12,367,192,242,50,76,96,20
9,monkey,14,12,347,256,260,4,102,104,2
9,monkey,15,12,354,192,195,3,76,78,2
9,monkey,16,12,356,64,89,25,25,35,10
9,monkey,17,12,360,64,91,27,25,36,11
9,monkey,18,12,319,1,49,48,0,19,19
9,monkey,19,12,297,1,54,53,0,21,21
9,monkey,0,13,308,1,62,61,0,24,24
9,monkey,1,13,358,1,59,58,0,23,23
9,monkey,2,13,353,64,77,13,25,30,5
9,monkey,3,13,358,64,99,35,25,39,14
9,monkey,4,13,365,128,167,39,51,66,15
9,monkey,5,13,365,128,147,19,51,58,7
9,monkey,6,13,344,128,187,59,51,74,23
9,monkey,7,13,344,128,163,35,51,65,14
9,monkey,8,13,358,128,157,29,51,62,11
9,monkey,9,13,342,128,136,8,51,54,3
9,monkey,10,13,337,128,147,19,51,58,7
9,monkey,11,13,345,128,170,42,51,68,17
9,monkey,12,13,341,192,196,4,76,78,2
9,monkey,13,13,364,192,246,54,76,98,22
9,monkey,14,13,368,192,235,43,76,94,18
9,monkey,15,13,374,64,114,50,25,45,20
9,monkey,16,13,329,64,104,40,25,41,16
9,monkey,17,13,376,64,76,12,25,30,5
9,monkey,18,13,321,1,50,49,0,20,20
9,monkey,19,13,302,1,45,44,0,18,18
9,monkey,0,14,313,64,74,10,25,29,4
9,monkey,1,14,332,1,43,42,0,17,17
9,monkey,2,14,307,1,50,49,0,20,20
9,monkey,3,14,328,64,70,6,25,28,3
9,monkey,4,14,343,128,140,12,51,56,5
9,monkey,5,14,362,128,159,31,51,63,12
9,monkey,6,14,350,1,63,62,0,25,25
9,monkey,7,14,340,64,87,23,25,34,9
9,monkey,8,14,347,64,117,53,25,46,21
9,monkey,9,14,323,64,116,52,25,46,21
9,monkey,10,14,340,64,103,39,25,41,16
9,monkey,11,14,362,128,149,21,51,59,8
9,monkey,12,14,328,128,180,52,51,72,21
9,monkey,13,14,357,128,147,19,51,58,7
9,monkey,14,14,361,64,102,38,25,40,15
9,monkey,15,14,353,64,104,40,25,41,16
9,monkey,16,14,341,64,78,14,25,31,6
9,monkey,17,14,279,1,63,62,0,25,25
9,monkey,18,14,284,64,78,14,25,31,6
9,monkey,19,14,297,1,59,58,0,23,23
