image,block32_exact_edges,block64_exact_edges,common,approximation_only,exact_only,precision,recall,f1,mismatches,mismatch_fraction
black,0,0,0,0,0,1.0,1.0,1.0,0,0.0
white,0,0,0,0,0,1.0,1.0,1.0,0,0.0
impulse,0,0,0,0,0,1.0,1.0,1.0,0,0.0
horizontal,0,0,0,0,0,1.0,1.0,1.0,0,0.0
vertical,0,0,0,0,0,1.0,1.0,1.0,0,0.0
diagonal45,0,0,0,0,0,1.0,1.0,1.0,0,0.0
diagonal135,12,52,12,0,40,1.0,0.23076923076923078,0.375,40,0.00013020833333333333
checkerboard,0,0,0,0,0,1.0,1.0,1.0,0,0.0
random,51195,51067,48349,2846,2718,0.9444086336556304,0.9467758043354808,0.9455907375173572,5564,0.018111979166666667
monkey,30168,29240,24225,5943,5015,0.8030031821797932,0.8284883720930233,0.8155467277134393,10958,0.035670572916666664
