image,block_size,bins,blocks,fixed_edges,approx_edges,exact_edges,mean_abs_high,median_abs_high,p95_abs_high,max_abs_high,mean_signed_high,mean_high,min_high,max_high,std_high,mean_low,min_low,max_low,empty_blocks,empty_fraction,high_zero_blocks,high_max_bin_blocks,fixed_vs_exact_common,fixed_vs_exact_precision,fixed_vs_exact_recall,fixed_vs_exact_f1,fixed_vs_exact_mismatches,common,approximation_only,exact_only,precision,recall,f1,mismatches,mismatch_fraction
black,32,8,300,0,0,0,0,0.0,0,0,0,0,0,0,0.0,0,0,0,300,1.0,300,0,0,1.0,1.0,1.0,0,0,0,0,1.0,1.0,1.0,0,0.0
black,32,16,300,0,0,0,0,0.0,0,0,0,0,0,0,0.0,0,0,0,300,1.0,300,0,0,1.0,1.0,1.0,0,0,0,0,1.0,1.0,1.0,0,0.0
black,32,32,300,0,0,0,0,0.0,0,0,0,0,0,0,0.0,0,0,0,300,1.0,300,0,0,1.0,1.0,1.0,0,0,0,0,1.0,1.0,1.0,0,0.0
black,64,8,80,0,0,0,0,0.0,0,0,0,0,0,0,0.0,0,0,0,80,1.0,80,0,0,1.0,1.0,1.0,0,0,0,0,1.0,1.0,1.0,0,0.0
black,64,16,80,0,0,0,0,0.0,0,0,0,0,0,0,0.0,0,0,0,80,1.0,80,0,0,1.0,1.0,1.0,0,0,0,0,1.0,1.0,1.0,0,0.0
black,64,32,80,0,0,0,0,0.0,0,0,0,0,0,0,0.0,0,0,0,80,1.0,80,0,0,1.0,1.0,1.0,0,0,0,0,1.0,1.0,1.0,0,0.0
white,32,8,300,1111,0,0,0,0.0,0,0,0,87.04,0,768,243.4558654047998,34.79333333333334,0,307,266,0.8866666666666667,266,0,0,0.0,0.0,0.0,1111,0,0,0,1.0,1.0,1.0,0,0.0
white,32,16,300,1111,0,0,0,0.0,0,0,0,87.04,0,768,243.4558654047998,34.79333333333334,0,307,266,0.8866666666666667,266,0,0,0.0,0.0,0.0,1111,0,0,0,1.0,1.0,1.0,0,0.0
white,32,32,300,1111,0,0,0,0.0,0,0,0,87.04,0,768,243.4558654047998,34.79333333333334,0,307,266,0.8866666666666667,266,0,0,0.0,0.0,0.0,1111,0,0,0,1.0,1.0,1.0,0,0.0
white,64,8,80,1111,0,0,0,0.0,0,0,0,163.2,0,768,314.1709089015086,65.2375,0,307,63,0.7875,63,0,0,0.0,0.0,0.0,1111,0,0,0,1.0,1.0,1.0,0,0.0
white,64,16,80,1111,0,0,0,0.0,0,0,0,163.2,0,768,314.1709089015086,65.2375,0,307,63,0.7875,63,0,0,0.0,0.0,0.0,1111,0,0,0,1.0,1.0,1.0,0,0.0
white,64,32,80,1111,0,0,0,0.0,0,0,0,163.2,0,768,314.1709089015086,65.2375,0,307,63,0.7875,63,0,0,0.0,0.0,0.0,1111,0,0,0,1.0,1.0,1.0,0,0.0
impulse,32,8,300,8,8,0,0.6233333333333333,0.0,0,187,-0.6233333333333333,0.0033333333333333335,0,1,0.057638721552635275,0,0,0,299,0.9966666666666667,299,0,0,0.0,0.0,0.0,8,0,8,0,0.0,0.0,0.0,8,2.604166666666667e-05
impulse,32,16,300,8,8,0,0.2,0.0,0,60,-0.2,0.4266666666666667,0,128,7.377756358737315,0.17,0,51,299,0.9966666666666667,299,0,0,0.0,0.0,0.0,8,0,8,0,0.0,0.0,0.0,8,2.604166666666667e-05
impulse,32,32,300,8,8,0,0.2,0.0,0,60,-0.2,0.4266666666666667,0,128,7.377756358737315,0.17,0,51,299,0.9966666666666667,299,0,0,0.0,0.0,0.0,8,0,8,0,0.0,0.0,0.0,8,2.604166666666667e-05
impulse,64,8,80,8,8,0,2.3375,0.0,0,187,-2.3375,0.0125,0,1,0.11110243021644486,0,0,0,79,0.9875,79,0,0,0.0,0.0,0.0,8,0,8,0,0.0,0.0,0.0,8,2.604166666666667e-05
impulse,64,16,80,8,8,0,0.75,0.0,0,60,-0.75,1.6,0,128,14.221111067704943,0.6375,0,51,79,0.9875,79,0,0,0.0,0.0,0.0,8,0,8,0,0.0,0.0,0.0,8,2.604166666666667e-05
impulse,64,32,80,8,8,0,0.75,0.0,0,60,-0.75,1.6,0,128,14.221111067704943,0.6375,0,51,79,0.9875,79,0,0,0.0,0.0,0.0,8,0,8,0,0.0,0.0,0.0,8,2.604166666666667e-05
horizontal,32,8,300,871,0,0,0,0.0,0,0,0,69.12,0,768,219.78759200646428,27.63,0,307,273,0.91,273,0,0,0.0,0.0,0.0,871,0,0,0,1.0,1.0,1.0,0,0.0
horizontal,32,16,300,871,0,0,0,0.0,0,0,0,69.12,0,768,219.78759200646428,27.63,0,307,273,0.91,273,0,0,0.0,0.0,0.0,871,0,0,0,1.0,1.0,1.0,0,0.0
horizontal,32,32,300,871,0,0,0,0.0,0,0,0,69.12,0,768,219.78759200646428,27.63,0,307,273,0.91,273,0,0,0.0,0.0,0.0,871,0,0,0,1.0,1.0,1.0,0,0.0
horizontal,64,8,80,871,0,0,0,0.0,0,0,0,134.4,0,768,291.81473574855676,53.725,0,307,66,0.825,66,0,0,0.0,0.0,0.0,871,0,0,0,1.0,1.0,1.0,0,0.0
horizontal,64,16,80,871,0,0,0,0.0,0,0,0,134.4,0,768,291.81473574855676,53.725,0,307,66,0.825,66,0,0,0.0,0.0,0.0,871,0,0,0,1.0,1.0,1.0,0,0.0
horizontal,64,32,80,871,0,0,0,0.0,0,0,0,134.4,0,768,291.81473574855676,53.725,0,307,66,0.825,66,0,0,0.0,0.0,0.0,871,0,0,0,1.0,1.0,1.0,0,0.0
vertical,32,8,300,791,0,0,0,0.0,0,0,0,61.44,0,768,208.35317708160824,24.56,0,307,276,0.92,276,0,0,0.0,0.0,0.0,791,0,0,0,1.0,1.0,1.0,0,0.0
vertical,32,16,300,791,0,0,0,0.0,0,0,0,61.44,0,768,208.35317708160824,24.56,0,307,276,0.92,276,0,0,0.0,0.0,0.0,791,0,0,0,1.0,1.0,1.0,0,0.0
vertical,32,32,300,791,0,0,0,0.0,0,0,0,61.44,0,768,208.35317708160824,24.56,0,307,276,0.92,276,0,0,0.0,0.0,0.0,791,0,0,0,1.0,1.0,1.0,0,0.0
vertical,64,8,80,791,0,0,0,0.0,0,0,0,115.2,0,768,274.23085165604544,46.05,0,307,68,0.85,68,0,0,0.0,0.0,0.0,791,0,0,0,1.0,1.0,1.0,0,0.0
vertical,64,16,80,791,0,0,0,0.0,0,0,0,115.2,0,768,274.23085165604544,46.05,0,307,68,0.85,68,0,0,0.0,0.0,0.0,791,0,0,0,1.0,1.0,1.0,0,0.0
vertical,64,32,80,791,0,0,0,0.0,0,0,0,115.2,0,768,274.23085165604544,46.05,0,307,68,0.85,68,0,0,0.0,0.0,0.0,791,0,0,0,1.0,1.0,1.0,0,0.0
diagonal45,32,8,300,970,646,0,1.61,0.0,23,23,-1.61,76.8,0,768,230.4,30.7,0,307,270,0.9,270,0,0,0.0,0.0,0.0,970,0,646,0,0.0,0.0,0.0,646,0.0021028645833333333
diagonal45,32,16,300,970,646,0,1.61,0.0,23,23,-1.61,76.8,0,768,230.4,30.7,0,307,270,0.9,270,0,0,0.0,0.0,0.0,970,0,646,0,0.0,0.0,0.0,646,0.0021028645833333333
diagonal45,32,32,300,970,646,0,1.61,0.0,23,23,-1.61,76.8,0,768,230.4,30.7,0,307,270,0.9,270,0,0,0.0,0.0,0.0,970,0,646,0,0.0,0.0,0.0,646,0.0021028645833333333
diagonal45,64,8,80,970,646,0,3.1625,0.0,23,23,-3.1625,144,0,768,299.7599039231231,57.5625,0,307,65,0.8125,65,0,0,0.0,0.0,0.0,970,0,646,0,0.0,0.0,0.0,646,0.0021028645833333333
diagonal45,64,16,80,970,646,0,3.1625,0.0,23,23,-3.1625,144,0,768,299.7599039231231,57.5625,0,307,65,0.8125,65,0,0,0.0,0.0,0.0,970,0,646,0,0.0,0.0,0.0,646,0.0021028645833333333
diagonal45,64,32,80,970,646,0,3.1625,0.0,23,23,-3.1625,144,0,768,299.7599039231231,57.5625,0,307,65,0.8125,65,0,0,0.0,0.0,0.0,970,0,646,0,0.0,0.0,0.0,646,0.0021028645833333333
diagonal135,32,8,300,1111,661,12,1.61,0.0,23,23,-1.61,87.04,0,768,243.4558654047998,34.79333333333334,0,307,266,0.8866666666666667,266,0,12,0.010801080108010801,1.0,0.0213713268032057,1099,12,649,0,0.018154311649016642,1.0,0.03566121842496286,649,0.0021126302083333335
diagonal135,32,16,300,1111,661,12,1.61,0.0,23,23,-1.61,87.04,0,768,243.4558654047998,34.79333333333334,0,307,266,0.8866666666666667,266,0,12,0.010801080108010801,1.0,0.0213713268032057,1099,12,649,0,0.018154311649016642,1.0,0.03566121842496286,649,0.0021126302083333335
diagonal135,32,32,300,1111,661,12,1.61,0.0,23,23,-1.61,87.04,0,768,243.4558654047998,34.79333333333334,0,307,266,0.8866666666666667,266,0,12,0.010801080108010801,1.0,0.0213713268032057,1099,12,649,0,0.018154311649016642,1.0,0.03566121842496286,649,0.0021126302083333335
diagonal135,64,8,80,1111,661,52,3.1375,0.0,23,23,-3.1375,163.2,0,768,314.1709089015086,65.2375,0,307,63,0.7875,63,0,52,0.046804680468046804,1.0,0.08942390369733447,1059,52,609,0,0.07866868381240545,1.0,0.1458625525946704,609,0.001982421875
diagonal135,64,16,80,1111,661,52,3.1375,0.0,23,23,-3.1375,163.2,0,768,314.1709089015086,65.2375,0,307,63,0.7875,63,0,52,0.046804680468046804,1.0,0.08942390369733447,1059,52,609,0,0.07866868381240545,1.0,0.1458625525946704,609,0.001982421875
diagonal135,64,32,80,1111,661,52,3.1375,0.0,23,23,-3.1375,163.2,0,768,314.1709089015086,65.2375,0,307,63,0.7875,63,0,52,0.046804680468046804,1.0,0.08942390369733447,1059,52,609,0,0.07866868381240545,1.0,0.1458625525946704,609,0.001982421875
checkerboard,32,8,300,75877,0,0,0,0.0,0,0,0,768,768,768,0.0,307,307,307,0,0.0,0,0,0,0.0,0.0,0.0,75877,0,0,0,1.0,1.0,1.0,0,0.0
checkerboard,32,16,300,75877,0,0,0,0.0,0,0,0,768,768,768,0.0,307,307,307,0,0.0,0,0,0,0.0,0.0,0.0,75877,0,0,0,1.0,1.0,1.0,0,0.0
checkerboard,32,32,300,75877,0,0,0,0.0,0,0,0,768,768,768,0.0,307,307,307,0,0.0,0,0,0,0.0,0.0,0.0,75877,0,0,0,1.0,1.0,1.0,0,0.0
checkerboard,64,8,80,75877,0,0,0,0.0,0,0,0,768,768,768,0.0,307,307,307,0,0.0,0,0,0,0.0,0.0,0.0,75877,0,0,0,1.0,1.0,1.0,0,0.0
checkerboard,64,16,80,75877,0,0,0,0.0,0,0,0,768,768,768,0.0,307,307,307,0,0.0,0,0,0,0.0,0.0,0.0,75877,0,0,0,1.0,1.0,1.0,0,0.0
checkerboard,64,32,80,75877,0,0,0,0.0,0,0,0,768,768,768,0.0,307,307,307,0,0.0,0,0,0,0.0,0.0,0.0,75877,0,0,0,1.0,1.0,1.0,0,0.0
random,32,8,300,121008,67736,51195,36.20333333333333,15.5,250,254,-36.20333333333333,234.75,1,256,70.47827679505225,93.5,0,102,0,0.0,0,0,51195,0.4230712019040063,1.0,0.5945889444434765,69813,51195,16541,0,0.7558019369316169,1.0,0.860919356601727,16541,0.05384440104166666
random,32,16,300,121008,67350,51195,25.62,15.5,123,127,-25.62,245.33333333333334,128,256,35.37733109712426,97.75,51,102,0,0.0,0,0,51195,0.4230712019040063,1.0,0.5945889444434765,69813,51195,16155,0,0.7601336302895323,1.0,0.8637226369733013,16155,0.052587890625
random,32,32,300,121008,65087,51195,19.86,15.0,59,63,-19.86,251.09333333333333,192,320,18.56245194531752,100.00666666666666,76,128,0,0.0,0,0,51195,0.4230712019040063,1.0,0.5945889444434765,69813,51195,13892,0,0.7865626008265859,1.0,0.8805318105983729,13892,0.045221354166666665
random,64,8,80,121008,61685,51067,17.925,13.5,31,252,-17.925,252.8125,1,256,28.33111970519344,100.725,0,102,0,0.0,0,0,51067,0.4220134206002909,1.0,0.5935435130030511,69941,51067,10618,0,0.8278673907757154,1.0,0.9058287214417483,10618,0.03456380208333333
random,64,16,80,121008,61661,51067,16.3375,13.5,31,125,-16.3375,254.4,128,256,14.221111067704943,101.3625,51,102,0,0.0,0,0,51067,0.4220134206002909,1.0,0.5935435130030511,69941,51067,10594,0,0.8281896174243039,1.0,0.906021574054361,10594,0.03448567708333333
random,64,32,80,121008,61536,51067,15.5375,13.5,31,61,-15.5375,255.2,192,256,7.110555533852471,101.675,76,102,0,0.0,0,0,51067,0.4220134206002909,1.0,0.5935435130030511,69941,51067,10469,0,0.8298719448777951,1.0,0.9070273438540714,10469,0.03407877604166667
monkey,32,8,300,50439,99047,30168,130.28666666666666,134.5,225,254,-130.28666666666666,4.4,1,256,29.24790590794493,1.36,0,102,0,0.0,0,0,24218,0.4801443327583814,0.802771148236542,0.6008907414988772,32171,30168,68879,0,0.3045826728724747,1.0,0.4669426924118717,68879,0.22421549479166666
monkey,32,16,300,50439,76259,30168,61.28333333333333,58.0,116,127,-61.28333333333333,73.40333333333334,1,256,66.24334423589706,29.07,0,102,0,0.0,0,0,24218,0.4801443327583814,0.802771148236542,0.6008907414988772,32171,30168,46091,0,0.3955992079623389,1.0,0.5669238069286929,46091,0.15003580729166666
monkey,32,32,300,50439,58229,30168,32.973333333333336,35.0,60,63,-32.973333333333336,101.71333333333334,1,256,63.60171241580074,40.236666666666665,0,102,0,0.0,0,0,24218,0.4801443327583814,0.802771148236542,0.6008907414988772,32171,30168,28061,0,0.5180923594772364,1.0,0.6825571003540845,28061,0.09134440104166666
monkey,64,8,80,50439,99890,29240,132.825,139.0,210,224,-132.825,1,1,1,0.0,0,0,0,0,0.0,0,0,24506,0.48585420012292074,0.8380984952120383,0.6151181616235143,30667,29240,70650,0,0.292721994193613,1.0,0.45287694571362197,70650,0.22998046875
monkey,64,16,80,50439,73358,29240,61.3875,58.5,118,126,-61.3875,72.4375,1,128,63.001953094725565,28.6875,0,51,0,0.0,0,0,24506,0.48585420012292074,0.8380984952120383,0.6151181616235143,30667,29240,44118,0,0.39859320046893315,1.0,0.5699916177703268,44118,0.14361328125
monkey,64,32,80,50439,56399,29240,33.6625,33.5,61,63,-33.6625,100.1625,1,192,60.316134605509994,39.625,0,76,0,0.0,0,0,24506,0.48585420012292074,0.8380984952120383,0.6151181616235143,30667,29240,27159,0,0.5184489086685934,1.0,0.6828664510328237,27159,0.088408203125
